from_window_size,to_window_size,from_segment,to_segment,from_dominant,to_dominant,from_interval,to_interval,overlap_lines,from_overlap_count,to_overlap_count,relation_type,relation_note
25,40,7,3,stable,stable,4326-4475,3441-4360,35,3,6,one_to_many_split,one prior segment overlaps multiple wider-constitution segments
25,40,7,4,stable,residual,4326-4475,4361-4400,40,3,1,one_to_many_split,one prior segment overlaps multiple wider-constitution segments
25,40,7,5,stable,stable,4326-4475,4401-4600,75,3,5,one_to_many_split,one prior segment overlaps multiple wider-constitution segments
25,40,13,6,stable,residual,4626-4675,4601-4640,15,2,2,one_to_many_split,one prior segment overlaps multiple wider-constitution segments
25,40,13,7,stable,stable,4626-4675,4641-4680,35,2,2,one_to_many_split,one prior segment overlaps multiple wider-constitution segments
25,40,14,7,residual,stable,4676-4700,4641-4680,5,2,2,one_to_many_split,one prior segment overlaps multiple wider-constitution segments
25,40,14,8,residual,residual,4676-4700,4681-4720,20,2,2,one_to_many_split,one prior segment overlaps multiple wider-constitution segments
25,40,15,8,stable,residual,4701-4750,4681-4720,20,2,2,one_to_many_split,one prior segment overlaps multiple wider-constitution segments
25,40,15,9,stable,stable,4701-4750,4721-4760,30,2,2,one_to_many_split,one prior segment overlaps multiple wider-constitution segments
25,40,16,9,residual,stable,4751-4775,4721-4760,10,2,2,one_to_many_split,one prior segment overlaps multiple wider-constitution segments
25,40,16,10,residual,residual,4751-4775,4761-4800,15,2,2,one_to_many_split,one prior segment overlaps multiple wider-constitution segments
25,40,17,10,stable,residual,4776-4825,4761-4800,25,2,2,one_to_many_split,one prior segment overlaps multiple wider-constitution segments
25,40,17,11,stable,stable,4776-4825,4801-4880,25,2,4,one_to_many_split,one prior segment overlaps multiple wider-constitution segments
25,40,20,11,residual,stable,4876-4900,4801-4880,5,2,4,one_to_many_split,one prior segment overlaps multiple wider-constitution segments
25,40,20,12,residual,residual,4876-4900,4881-4920,20,2,2,one_to_many_split,one prior segment overlaps multiple wider-constitution segments
25,40,21,12,stable,residual,4901-4925,4881-4920,20,2,2,one_to_many_split,one prior segment overlaps multiple wider-constitution segments
25,40,21,13,stable,stable,4901-4925,4921-4960,5,2,2,one_to_many_split,one prior segment overlaps multiple wider-constitution segments
25,40,22,13,residual,stable,4926-5025,4921-4960,35,2,2,one_to_many_split,one prior segment overlaps multiple wider-constitution segments
25,40,22,14,residual,residual,4926-5025,4961-5080,65,2,3,one_to_many_split,one prior segment overlaps multiple wider-constitution segments
25,40,24,14,residual,residual,5051-5100,4961-5080,30,2,3,one_to_many_split,one prior segment overlaps multiple wider-constitution segments
25,40,24,15,residual,stable,5051-5100,5081-5160,20,2,4,one_to_many_split,one prior segment overlaps multiple wider-constitution segments
25,40,27,15,stable,stable,5151-5175,5081-5160,10,2,4,one_to_many_split,one prior segment overlaps multiple wider-constitution segments
25,40,27,16,stable,residual,5151-5175,5161-5320,15,2,3,one_to_many_split,one prior segment overlaps multiple wider-constitution segments
25,40,29,16,stable,residual,5301-5325,5161-5320,20,2,3,one_to_many_split,one prior segment overlaps multiple wider-constitution segments
25,40,29,17,stable,stable,5301-5325,5321-5680,5,2,5,one_to_many_split,one prior segment overlaps multiple wider-constitution segments
25,40,33,17,stable,stable,5651-5700,5321-5680,30,2,5,one_to_many_split,one prior segment overlaps multiple wider-constitution segments
25,40,33,18,stable,residual,5651-5700,5681-5720,20,2,2,one_to_many_split,one prior segment overlaps multiple wider-constitution segments
25,40,34,18,residual,residual,5701-5725,5681-5720,20,2,2,one_to_many_split,one prior segment overlaps multiple wider-constitution segments
25,40,34,19,residual,stable,5701-5725,5721-5760,5,2,3,one_to_many_split,one prior segment overlaps multiple wider-constitution segments
25,40,36,19,residual,stable,5751-5775,5721-5760,10,2,3,one_to_many_split,one prior segment overlaps multiple wider-constitution segments
25,40,36,20,residual,residual,5751-5775,5761-6920,15,2,9,one_to_many_split,one prior segment overlaps multiple wider-constitution segments
25,40,45,21,stable,stable,6951-7250,6921-7240,290,2,2,one_to_many_split,one prior segment overlaps multiple wider-constitution segments
25,40,45,22,stable,residual,6951-7250,7241-7280,10,2,2,one_to_many_split,one prior segment overlaps multiple wider-constitution segments
25,40,46,22,residual,residual,7251-7300,7241-7280,30,2,2,one_to_many_split,one prior segment overlaps multiple wider-constitution segments
25,40,46,23,residual,stable,7251-7300,7281-7314,20,2,2,one_to_many_split,one prior segment overlaps multiple wider-constitution segments
25,40,3,3,stable,stable,3451-4250,3441-4360,800,1,5,many_to_one_absorption,multiple prior segments overlap one wider-constitution segment
25,40,4,3,residual,stable,4251-4275,3441-4360,25,1,5,many_to_one_absorption,multiple prior segments overlap one wider-constitution segment
25,40,5,3,stable,stable,4276-4300,3441-4360,25,1,5,many_to_one_absorption,multiple prior segments overlap one wider-constitution segment
25,40,6,3,residual,stable,4301-4325,3441-4360,25,1,5,many_to_one_absorption,multiple prior segments overlap one wider-constitution segment
25,40,7,3,stable,stable,4326-4475,3441-4360,35,3,5,many_to_one_absorption,multiple prior segments overlap one wider-constitution segment
25,40,7,5,stable,stable,4326-4475,4401-4600,75,3,5,many_to_one_absorption,multiple prior segments overlap one wider-constitution segment
25,40,8,5,residual,stable,4476-4500,4401-4600,25,1,5,many_to_one_absorption,multiple prior segments overlap one wider-constitution segment
25,40,9,5,stable,stable,4501-4550,4401-4600,50,1,5,many_to_one_absorption,multiple prior segments overlap one wider-constitution segment
25,40,10,5,residual,stable,4551-4575,4401-4600,25,1,5,many_to_one_absorption,multiple prior segments overlap one wider-constitution segment
25,40,11,5,stable,stable,4576-4600,4401-4600,25,1,5,many_to_one_absorption,multiple prior segments overlap one wider-constitution segment
25,40,12,6,residual,residual,4601-4625,4601-4640,25,1,2,many_to_one_absorption,multiple prior segments overlap one wider-constitution segment
25,40,13,6,stable,residual,4626-4675,4601-4640,15,2,2,many_to_one_absorption,multiple prior segments overlap one wider-constitution segment
25,40,13,7,stable,stable,4626-4675,4641-4680,35,2,2,many_to_one_absorption,multiple prior segments overlap one wider-constitution segment
25,40,14,7,residual,stable,4676-4700,4641-4680,5,2,2,many_to_one_absorption,multiple prior segments overlap one wider-constitution segment
25,40,14,8,residual,residual,4676-4700,4681-4720,20,2,2,many_to_one_absorption,multiple prior segments overlap one wider-constitution segment
25,40,15,8,stable,residual,4701-4750,4681-4720,20,2,2,many_to_one_absorption,multiple prior segments overlap one wider-constitution segment
25,40,15,9,stable,stable,4701-4750,4721-4760,30,2,2,many_to_one_absorption,multiple prior segments overlap one wider-constitution segment
25,40,16,9,residual,stable,4751-4775,4721-4760,10,2,2,many_to_one_absorption,multiple prior segments overlap one wider-constitution segment
25,40,16,10,residual,residual,4751-4775,4761-4800,15,2,2,many_to_one_absorption,multiple prior segments overlap one wider-constitution segment
25,40,17,10,stable,residual,4776-4825,4761-4800,25,2,2,many_to_one_absorption,multiple prior segments overlap one wider-constitution segment
25,40,17,11,stable,stable,4776-4825,4801-4880,25,2,4,many_to_one_absorption,multiple prior segments overlap one wider-constitution segment
25,40,18,11,residual,stable,4826-4850,4801-4880,25,1,4,many_to_one_absorption,multiple prior segments overlap one wider-constitution segment
25,40,19,11,stable,stable,4851-4875,4801-4880,25,1,4,many_to_one_absorption,multiple prior segments overlap one wider-constitution segment
25,40,20,11,residual,stable,4876-4900,4801-4880,5,2,4,many_to_one_absorption,multiple prior segments overlap one wider-constitution segment
25,40,20,12,residual,residual,4876-4900,4881-4920,20,2,2,many_to_one_absorption,multiple prior segments overlap one wider-constitution segment
25,40,21,12,stable,residual,4901-4925,4881-4920,20,2,2,many_to_one_absorption,multiple prior segments overlap one wider-constitution segment
25,40,21,13,stable,stable,4901-4925,4921-4960,5,2,2,many_to_one_absorption,multiple prior segments overlap one wider-constitution segment
25,40,22,13,residual,stable,4926-5025,4921-4960,35,2,2,many_to_one_absorption,multiple prior segments overlap one wider-constitution segment
25,40,22,14,residual,residual,4926-5025,4961-5080,65,2,3,many_to_one_absorption,multiple prior segments overlap one wider-constitution segment
25,40,23,14,stable,residual,5026-5050,4961-5080,25,1,3,many_to_one_absorption,multiple prior segments overlap one wider-constitution segment
25,40,24,14,residual,residual,5051-5100,4961-5080,30,2,3,many_to_one_absorption,multiple prior segments overlap one wider-constitution segment
25,40,24,15,residual,stable,5051-5100,5081-5160,20,2,4,many_to_one_absorption,multiple prior segments overlap one wider-constitution segment
25,40,25,15,stable,stable,5101-5125,5081-5160,25,1,4,many_to_one_absorption,multiple prior segments overlap one wider-constitution segment
25,40,26,15,residual,stable,5126-5150,5081-5160,25,1,4,many_to_one_absorption,multiple prior segments overlap one wider-constitution segment
25,40,27,15,stable,stable,5151-5175,5081-5160,10,2,4,many_to_one_absorption,multiple prior segments overlap one wider-constitution segment
25,40,27,16,stable,residual,5151-5175,5161-5320,15,2,3,many_to_one_absorption,multiple prior segments overlap one wider-constitution segment
25,40,28,16,residual,residual,5176-5300,5161-5320,125,1,3,many_to_one_absorption,multiple prior segments overlap one wider-constitution segment
25,40,29,16,stable,residual,5301-5325,5161-5320,20,2,3,many_to_one_absorption,multiple prior segments overlap one wider-constitution segment
25,40,29,17,stable,stable,5301-5325,5321-5680,5,2,5,many_to_one_absorption,multiple prior segments overlap one wider-constitution segment
25,40,30,17,residual,stable,5326-5350,5321-5680,25,1,5,many_to_one_absorption,multiple prior segments overlap one wider-constitution segment
25,40,31,17,stable,stable,5351-5625,5321-5680,275,1,5,many_to_one_absorption,multiple prior segments overlap one wider-constitution segment
25,40,32,17,residual,stable,5626-5650,5321-5680,25,1,5,many_to_one_absorption,multiple prior segments overlap one wider-constitution segment
25,40,33,17,stable,stable,5651-5700,5321-5680,30,2,5,many_to_one_absorption,multiple prior segments overlap one wider-constitution segment
25,40,33,18,stable,residual,5651-5700,5681-5720,20,2,2,many_to_one_absorption,multiple prior segments overlap one wider-constitution segment
25,40,34,18,residual,residual,5701-5725,5681-5720,20,2,2,many_to_one_absorption,multiple prior segments overlap one wider-constitution segment
25,40,34,19,residual,stable,5701-5725,5721-5760,5,2,3,many_to_one_absorption,multiple prior segments overlap one wider-constitution segment
25,40,35,19,stable,stable,5726-5750,5721-5760,25,1,3,many_to_one_absorption,multiple prior segments overlap one wider-constitution segment
25,40,36,19,residual,stable,5751-5775,5721-5760,10,2,3,many_to_one_absorption,multiple prior segments overlap one wider-constitution segment
25,40,36,20,residual,residual,5751-5775,5761-6920,15,2,9,many_to_one_absorption,multiple prior segments overlap one wider-constitution segment
25,40,37,20,stable,residual,5776-5800,5761-6920,25,1,9,many_to_one_absorption,multiple prior segments overlap one wider-constitution segment
25,40,38,20,residual,residual,5801-5825,5761-6920,25,1,9,many_to_one_absorption,multiple prior segments overlap one wider-constitution segment
25,40,39,20,stable,residual,5826-5850,5761-6920,25,1,9,many_to_one_absorption,multiple prior segments overlap one wider-constitution segment
25,40,40,20,residual,residual,5851-5900,5761-6920,50,1,9,many_to_one_absorption,multiple prior segments overlap one wider-constitution segment
25,40,41,20,stable,residual,5901-5925,5761-6920,25,1,9,many_to_one_absorption,multiple prior segments overlap one wider-constitution segment
25,40,42,20,residual,residual,5926-5975,5761-6920,50,1,9,many_to_one_absorption,multiple prior segments overlap one wider-constitution segment
25,40,43,20,stable,residual,5976-6000,5761-6920,25,1,9,many_to_one_absorption,multiple prior segments overlap one wider-constitution segment
25,40,44,20,residual,residual,6001-6950,5761-6920,920,2,9,many_to_one_absorption,multiple prior segments overlap one wider-constitution segment
25,40,45,22,stable,residual,6951-7250,7241-7280,10,2,2,many_to_one_absorption,multiple prior segments overlap one wider-constitution segment
25,40,46,22,residual,residual,7251-7300,7241-7280,30,2,2,many_to_one_absorption,multiple prior segments overlap one wider-constitution segment
25,40,46,23,residual,stable,7251-7300,7281-7314,20,2,2,many_to_one_absorption,multiple prior segments overlap one wider-constitution segment
25,40,47,23,stable,stable,7301-7314,7281-7314,14,1,2,many_to_one_absorption,multiple prior segments overlap one wider-constitution segment
25,40,1,1,middle,middle,1-200,1-200,200,1,1,one_to_one_continuation,observer-side overlap relation under adjacent constitution transition
25,40,2,2,residual,residual,201-3450,201-3440,3240,1,1,one_to_one_continuation,observer-side overlap relation under adjacent constitution transition
25,40,44,21,residual,stable,6001-6950,6921-7240,30,1,1,recolored_overlap,observer-side overlap relation under adjacent constitution transition
40,50,7,4,stable,residual,4641-4680,4601-4650,10,2,2,one_to_many_split,one prior segment overlaps multiple wider-constitution segments
40,50,7,5,stable,stable,4641-4680,4651-4750,30,2,3,one_to_many_split,one prior segment overlaps multiple wider-constitution segments
40,50,9,5,stable,stable,4721-4760,4651-4750,30,2,3,one_to_many_split,one prior segment overlaps multiple wider-constitution segments
40,50,9,6,stable,residual,4721-4760,4751-4800,10,2,2,one_to_many_split,one prior segment overlaps multiple wider-constitution segments
40,50,12,7,residual,stable,4881-4920,4801-4900,20,2,2,one_to_many_split,one prior segment overlaps multiple wider-constitution segments
40,50,12,8,residual,residual,4881-4920,4901-5100,20,2,4,one_to_many_split,one prior segment overlaps multiple wider-constitution segments
40,50,15,8,stable,residual,5081-5160,4901-5100,20,2,4,one_to_many_split,one prior segment overlaps multiple wider-constitution segments
40,50,15,9,stable,stable,5081-5160,5101-5200,60,2,2,one_to_many_split,one prior segment overlaps multiple wider-constitution segments
40,50,16,9,residual,stable,5161-5320,5101-5200,40,2,2,one_to_many_split,one prior segment overlaps multiple wider-constitution segments
40,50,16,10,residual,residual,5161-5320,5201-5350,120,2,2,one_to_many_split,one prior segment overlaps multiple wider-constitution segments
40,50,17,10,stable,residual,5321-5680,5201-5350,30,2,2,one_to_many_split,one prior segment overlaps multiple wider-constitution segments
40,50,17,11,stable,stable,5321-5680,5351-5750,330,2,3,one_to_many_split,one prior segment overlaps multiple wider-constitution segments
40,50,19,11,stable,stable,5721-5760,5351-5750,30,2,3,one_to_many_split,one prior segment overlaps multiple wider-constitution segments
40,50,19,12,stable,residual,5721-5760,5751-6950,10,2,3,one_to_many_split,one prior segment overlaps multiple wider-constitution segments
40,50,22,13,residual,stable,7241-7280,6951-7250,10,2,2,one_to_many_split,one prior segment overlaps multiple wider-constitution segments
40,50,22,14,residual,residual,7241-7280,7251-7300,30,2,2,one_to_many_split,one prior segment overlaps multiple wider-constitution segments
40,50,23,14,stable,residual,7281-7314,7251-7300,20,2,2,one_to_many_split,one prior segment overlaps multiple wider-constitution segments
40,50,23,15,stable,stable,7281-7314,7301-7314,14,2,1,one_to_many_split,one prior segment overlaps multiple wider-constitution segments
40,50,3,3,stable,stable,3441-4360,3451-4600,910,2,3,many_to_one_absorption,multiple prior segments overlap one wider-constitution segment
40,50,4,3,residual,stable,4361-4400,3451-4600,40,1,3,many_to_one_absorption,multiple prior segments overlap one wider-constitution segment
40,50,5,3,stable,stable,4401-4600,3451-4600,200,1,3,many_to_one_absorption,multiple prior segments overlap one wider-constitution segment
40,50,6,4,residual,residual,4601-4640,4601-4650,40,1,2,many_to_one_absorption,multiple prior segments overlap one wider-constitution segment
40,50,7,4,stable,residual,4641-4680,4601-4650,10,2,2,many_to_one_absorption,multiple prior segments overlap one wider-constitution segment
40,50,7,5,stable,stable,4641-4680,4651-4750,30,2,3,many_to_one_absorption,multiple prior segments overlap one wider-constitution segment
40,50,8,5,residual,stable,4681-4720,4651-4750,40,1,3,many_to_one_absorption,multiple prior segments overlap one wider-constitution segment
40,50,9,5,stable,stable,4721-4760,4651-4750,30,2,3,many_to_one_absorption,multiple prior segments overlap one wider-constitution segment
40,50,9,6,stable,residual,4721-4760,4751-4800,10,2,2,many_to_one_absorption,multiple prior segments overlap one wider-constitution segment
40,50,10,6,residual,residual,4761-4800,4751-4800,40,1,2,many_to_one_absorption,multiple prior segments overlap one wider-constitution segment
40,50,11,7,stable,stable,4801-4880,4801-4900,80,1,2,many_to_one_absorption,multiple prior segments overlap one wider-constitution segment
40,50,12,7,residual,stable,4881-4920,4801-4900,20,2,2,many_to_one_absorption,multiple prior segments overlap one wider-constitution segment
40,50,12,8,residual,residual,4881-4920,4901-5100,20,2,4,many_to_one_absorption,multiple prior segments overlap one wider-constitution segment
40,50,13,8,stable,residual,4921-4960,4901-5100,40,1,4,many_to_one_absorption,multiple prior segments overlap one wider-constitution segment
40,50,14,8,residual,residual,4961-5080,4901-5100,120,1,4,many_to_one_absorption,multiple prior segments overlap one wider-constitution segment
40,50,15,8,stable,residual,5081-5160,4901-5100,20,2,4,many_to_one_absorption,multiple prior segments overlap one wider-constitution segment
40,50,15,9,stable,stable,5081-5160,5101-5200,60,2,2,many_to_one_absorption,multiple prior segments overlap one wider-constitution segment
40,50,16,9,residual,stable,5161-5320,5101-5200,40,2,2,many_to_one_absorption,multiple prior segments overlap one wider-constitution segment
40,50,16,10,residual,residual,5161-5320,5201-5350,120,2,2,many_to_one_absorption,multiple prior segments overlap one wider-constitution segment
40,50,17,10,stable,residual,5321-5680,5201-5350,30,2,2,many_to_one_absorption,multiple prior segments overlap one wider-constitution segment
40,50,17,11,stable,stable,5321-5680,5351-5750,330,2,3,many_to_one_absorption,multiple prior segments overlap one wider-constitution segment
40,50,18,11,residual,stable,5681-5720,5351-5750,40,1,3,many_to_one_absorption,multiple prior segments overlap one wider-constitution segment
40,50,19,11,stable,stable,5721-5760,5351-5750,30,2,3,many_to_one_absorption,multiple prior segments overlap one wider-constitution segment
40,50,19,12,stable,residual,5721-5760,5751-6950,10,2,2,many_to_one_absorption,multiple prior segments overlap one wider-constitution segment
40,50,20,12,residual,residual,5761-6920,5751-6950,1160,1,2,many_to_one_absorption,multiple prior segments overlap one wider-constitution segment
40,50,21,13,stable,stable,6921-7240,6951-7250,290,2,2,many_to_one_absorption,multiple prior segments overlap one wider-constitution segment
40,50,22,13,residual,stable,7241-7280,6951-7250,10,2,2,many_to_one_absorption,multiple prior segments overlap one wider-constitution segment
40,50,22,14,residual,residual,7241-7280,7251-7300,30,2,2,many_to_one_absorption,multiple prior segments overlap one wider-constitution segment
40,50,23,14,stable,residual,7281-7314,7251-7300,20,2,2,many_to_one_absorption,multiple prior segments overlap one wider-constitution segment
40,50,1,1,middle,middle,1-200,1-200,200,1,1,one_to_one_continuation,observer-side overlap relation under adjacent constitution transition
40,50,2,2,residual,residual,201-3440,201-3450,3240,1,1,one_to_one_continuation,observer-side overlap relation under adjacent constitution transition
40,50,3,2,stable,residual,3441-4360,201-3450,10,1,1,recolored_overlap,observer-side overlap relation under adjacent constitution transition
50,75,2,1,residual,middle,201-3450,1-225,25,2,2,one_to_many_split,one prior segment overlaps multiple wider-constitution segments
50,75,2,2,residual,residual,201-3450,226-3450,3225,2,1,one_to_many_split,one prior segment overlaps multiple wider-constitution segments
50,75,7,3,stable,stable,4801-4900,3451-4875,75,2,5,one_to_many_split,one prior segment overlaps multiple wider-constitution segments
50,75,7,4,stable,residual,4801-4900,4876-5100,25,2,2,one_to_many_split,one prior segment overlaps multiple wider-constitution segments
50,75,9,5,stable,stable,5101-5200,5101-5175,75,2,1,one_to_many_split,one prior segment overlaps multiple wider-constitution segments
50,75,9,6,stable,residual,5101-5200,5176-5325,25,2,2,one_to_many_split,one prior segment overlaps multiple wider-constitution segments
50,75,10,6,residual,residual,5201-5350,5176-5325,125,2,2,one_to_many_split,one prior segment overlaps multiple wider-constitution segments
50,75,10,7,residual,stable,5201-5350,5326-5700,25,2,2,one_to_many_split,one prior segment overlaps multiple wider-constitution segments
50,75,11,7,stable,stable,5351-5750,5326-5700,350,2,2,one_to_many_split,one prior segment overlaps multiple wider-constitution segments
50,75,11,8,stable,residual,5351-5750,5701-5775,50,2,2,one_to_many_split,one prior segment overlaps multiple wider-constitution segments
50,75,12,8,residual,residual,5751-6950,5701-5775,25,3,2,one_to_many_split,one prior segment overlaps multiple wider-constitution segments
50,75,12,9,residual,stable,5751-6950,5776-5850,75,3,1,one_to_many_split,one prior segment overlaps multiple wider-constitution segments
50,75,12,10,residual,residual,5751-6950,5851-6975,1100,3,2,one_to_many_split,one prior segment overlaps multiple wider-constitution segments
50,75,1,1,middle,middle,1-200,1-225,200,1,2,many_to_one_absorption,multiple prior segments overlap one wider-constitution segment
50,75,2,1,residual,middle,201-3450,1-225,25,2,2,many_to_one_absorption,multiple prior segments overlap one wider-constitution segment
50,75,3,3,stable,stable,3451-4600,3451-4875,1150,1,5,many_to_one_absorption,multiple prior segments overlap one wider-constitution segment
50,75,4,3,residual,stable,4601-4650,3451-4875,50,1,5,many_to_one_absorption,multiple prior segments overlap one wider-constitution segment
50,75,5,3,stable,stable,4651-4750,3451-4875,100,1,5,many_to_one_absorption,multiple prior segments overlap one wider-constitution segment
50,75,6,3,residual,stable,4751-4800,3451-4875,50,1,5,many_to_one_absorption,multiple prior segments overlap one wider-constitution segment
50,75,7,3,stable,stable,4801-4900,3451-4875,75,2,5,many_to_one_absorption,multiple prior segments overlap one wider-constitution segment
50,75,7,4,stable,residual,4801-4900,4876-5100,25,2,2,many_to_one_absorption,multiple prior segments overlap one wider-constitution segment
50,75,8,4,residual,residual,4901-5100,4876-5100,200,1,2,many_to_one_absorption,multiple prior segments overlap one wider-constitution segment
50,75,9,6,stable,residual,5101-5200,5176-5325,25,2,2,many_to_one_absorption,multiple prior segments overlap one wider-constitution segment
50,75,10,6,residual,residual,5201-5350,5176-5325,125,2,2,many_to_one_absorption,multiple prior segments overlap one wider-constitution segment
50,75,10,7,residual,stable,5201-5350,5326-5700,25,2,2,many_to_one_absorption,multiple prior segments overlap one wider-constitution segment
50,75,11,7,stable,stable,5351-5750,5326-5700,350,2,2,many_to_one_absorption,multiple prior segments overlap one wider-constitution segment
50,75,11,8,stable,residual,5351-5750,5701-5775,50,2,2,many_to_one_absorption,multiple prior segments overlap one wider-constitution segment
50,75,12,8,residual,residual,5751-6950,5701-5775,25,3,2,many_to_one_absorption,multiple prior segments overlap one wider-constitution segment
50,75,13,11,stable,stable,6951-7250,6976-7314,275,2,3,many_to_one_absorption,multiple prior segments overlap one wider-constitution segment
50,75,14,11,residual,stable,7251-7300,6976-7314,50,1,3,many_to_one_absorption,multiple prior segments overlap one wider-constitution segment
50,75,15,11,stable,stable,7301-7314,6976-7314,14,1,3,many_to_one_absorption,multiple prior segments overlap one wider-constitution segment
50,75,13,10,stable,residual,6951-7250,5851-6975,25,1,1,recolored_overlap,observer-side overlap relation under adjacent constitution transition
75,100,1,1,middle,middle,1-225,1-200,200,2,1,one_to_many_split,one prior segment overlaps multiple wider-constitution segments
75,100,1,2,middle,residual,1-225,201-3400,25,2,2,one_to_many_split,one prior segment overlaps multiple wider-constitution segments
75,100,4,3,residual,stable,4876-5100,3401-4900,25,2,3,one_to_many_split,one prior segment overlaps multiple wider-constitution segments
75,100,4,4,residual,residual,4876-5100,4901-5100,200,2,1,one_to_many_split,one prior segment overlaps multiple wider-constitution segments
75,100,6,5,residual,stable,5176-5325,5101-5200,25,3,2,one_to_many_split,one prior segment overlaps multiple wider-constitution segments
75,100,6,6,residual,residual,5176-5325,5201-5300,100,3,1,one_to_many_split,one prior segment overlaps multiple wider-constitution segments
75,100,6,7,residual,stable,5176-5325,5301-5700,25,3,2,one_to_many_split,one prior segment overlaps multiple wider-constitution segments
75,100,1,2,middle,residual,1-225,201-3400,25,2,2,many_to_one_absorption,multiple prior segments overlap one wider-constitution segment
75,100,2,2,residual,residual,226-3450,201-3400,3175,2,2,many_to_one_absorption,multiple prior segments overlap one wider-constitution segment
75,100,3,3,stable,stable,3451-4875,3401-4900,1425,1,2,many_to_one_absorption,multiple prior segments overlap one wider-constitution segment
75,100,4,3,residual,stable,4876-5100,3401-4900,25,2,2,many_to_one_absorption,multiple prior segments overlap one wider-constitution segment
75,100,5,5,stable,stable,5101-5175,5101-5200,75,1,2,many_to_one_absorption,multiple prior segments overlap one wider-constitution segment
75,100,6,5,residual,stable,5176-5325,5101-5200,25,3,2,many_to_one_absorption,multiple prior segments overlap one wider-constitution segment
75,100,6,7,residual,stable,5176-5325,5301-5700,25,3,2,many_to_one_absorption,multiple prior segments overlap one wider-constitution segment
75,100,7,7,stable,stable,5326-5700,5301-5700,375,1,2,many_to_one_absorption,multiple prior segments overlap one wider-constitution segment
75,100,8,8,residual,residual,5701-5775,5701-7000,75,1,3,many_to_one_absorption,multiple prior segments overlap one wider-constitution segment
75,100,9,8,stable,residual,5776-5850,5701-7000,75,1,3,many_to_one_absorption,multiple prior segments overlap one wider-constitution segment
75,100,10,8,residual,residual,5851-6975,5701-7000,1125,1,3,many_to_one_absorption,multiple prior segments overlap one wider-constitution segment
75,100,11,9,stable,stable,6976-7314,7001-7314,314,1,1,one_to_one_continuation,observer-side overlap relation under adjacent constitution transition
100,150,2,1,residual,middle,201-3400,1-300,100,2,2,one_to_many_split,one prior segment overlaps multiple wider-constitution segments
100,150,2,2,residual,residual,201-3400,301-3450,3100,2,2,one_to_many_split,one prior segment overlaps multiple wider-constitution segments
100,150,4,3,residual,stable,4901-5100,3451-4950,50,2,2,one_to_many_split,one prior segment overlaps multiple wider-constitution segments
100,150,4,4,residual,residual,4901-5100,4951-5400,150,2,4,one_to_many_split,one prior segment overlaps multiple wider-constitution segments
100,150,7,4,stable,residual,5301-5700,4951-5400,100,2,4,one_to_many_split,one prior segment overlaps multiple wider-constitution segments
100,150,7,5,stable,stable,5301-5700,5401-5700,300,2,1,one_to_many_split,one prior segment overlaps multiple wider-constitution segments
100,150,8,6,residual,residual,5701-7000,5701-6900,1200,2,1,one_to_many_split,one prior segment overlaps multiple wider-constitution segments
100,150,8,7,residual,stable,5701-7000,6901-7314,100,2,2,one_to_many_split,one prior segment overlaps multiple wider-constitution segments
100,150,1,1,middle,middle,1-200,1-300,200,1,2,many_to_one_absorption,multiple prior segments overlap one wider-constitution segment
100,150,2,1,residual,middle,201-3400,1-300,100,2,2,many_to_one_absorption,multiple prior segments overlap one wider-constitution segment
100,150,3,3,stable,stable,3401-4900,3451-4950,1450,2,2,many_to_one_absorption,multiple prior segments overlap one wider-constitution segment
100,150,4,3,residual,stable,4901-5100,3451-4950,50,2,2,many_to_one_absorption,multiple prior segments overlap one wider-constitution segment
100,150,4,4,residual,residual,4901-5100,4951-5400,150,2,4,many_to_one_absorption,multiple prior segments overlap one wider-constitution segment
100,150,5,4,stable,residual,5101-5200,4951-5400,100,1,4,many_to_one_absorption,multiple prior segments overlap one wider-constitution segment
100,150,6,4,residual,residual,5201-5300,4951-5400,100,1,4,many_to_one_absorption,multiple prior segments overlap one wider-constitution segment
100,150,7,4,stable,residual,5301-5700,4951-5400,100,2,4,many_to_one_absorption,multiple prior segments overlap one wider-constitution segment
100,150,8,7,residual,stable,5701-7000,6901-7314,100,2,2,many_to_one_absorption,multiple prior segments overlap one wider-constitution segment
100,150,9,7,stable,stable,7001-7314,6901-7314,314,1,2,many_to_one_absorption,multiple prior segments overlap one wider-constitution segment
100,150,3,2,stable,residual,3401-4900,301-3450,50,1,1,recolored_overlap,observer-side overlap relation under adjacent constitution transition
150,200,1,1,middle,middle,1-300,1-200,200,2,1,one_to_many_split,one prior segment overlaps multiple wider-constitution segments
150,200,1,2,middle,residual,1-300,201-3400,100,2,2,one_to_many_split,one prior segment overlaps multiple wider-constitution segments
150,200,3,3,stable,stable,3451-4950,3401-4800,1350,2,2,one_to_many_split,one prior segment overlaps multiple wider-constitution segments
150,200,3,4,stable,residual,3451-4950,4801-5400,150,2,2,one_to_many_split,one prior segment overlaps multiple wider-constitution segments
150,200,6,5,residual,stable,5701-6900,5401-5800,100,2,2,one_to_many_split,one prior segment overlaps multiple wider-constitution segments
150,200,6,6,residual,residual,5701-6900,5801-7000,1100,2,2,one_to_many_split,one prior segment overlaps multiple wider-constitution segments
150,200,7,6,stable,residual,6901-7314,5801-7000,100,2,2,one_to_many_split,one prior segment overlaps multiple wider-constitution segments
150,200,7,7,stable,stable,6901-7314,7001-7314,314,2,1,one_to_many_split,one prior segment overlaps multiple wider-constitution segments
150,200,1,2,middle,residual,1-300,201-3400,100,2,2,many_to_one_absorption,multiple prior segments overlap one wider-constitution segment
150,200,2,2,residual,residual,301-3450,201-3400,3100,2,2,many_to_one_absorption,multiple prior segments overlap one wider-constitution segment
150,200,3,4,stable,residual,3451-4950,4801-5400,150,2,2,many_to_one_absorption,multiple prior segments overlap one wider-constitution segment
150,200,4,4,residual,residual,4951-5400,4801-5400,450,1,2,many_to_one_absorption,multiple prior segments overlap one wider-constitution segment
150,200,5,5,stable,stable,5401-5700,5401-5800,300,1,2,many_to_one_absorption,multiple prior segments overlap one wider-constitution segment
150,200,6,5,residual,stable,5701-6900,5401-5800,100,2,2,many_to_one_absorption,multiple prior segments overlap one wider-constitution segment
150,200,6,6,residual,residual,5701-6900,5801-7000,1100,2,2,many_to_one_absorption,multiple prior segments overlap one wider-constitution segment
150,200,7,6,stable,residual,6901-7314,5801-7000,100,2,2,many_to_one_absorption,multiple prior segments overlap one wider-constitution segment
150,200,2,3,residual,stable,301-3450,3401-4800,50,1,1,recolored_overlap,observer-side overlap relation under adjacent constitution transition
200,250,2,1,residual,middle,201-3400,1-250,50,2,2,one_to_many_split,one prior segment overlaps multiple wider-constitution segments
200,250,2,2,residual,residual,201-3400,251-3500,3150,2,2,one_to_many_split,one prior segment overlaps multiple wider-constitution segments
200,250,3,3,stable,stable,3401-4800,3501-4750,1250,2,1,one_to_many_split,one prior segment overlaps multiple wider-constitution segments
200,250,3,4,stable,residual,3401-4800,4751-5250,50,2,2,one_to_many_split,one prior segment overlaps multiple wider-constitution segments
200,250,4,4,residual,residual,4801-5400,4751-5250,450,2,2,one_to_many_split,one prior segment overlaps multiple wider-constitution segments
200,250,4,5,residual,stable,4801-5400,5251-5750,150,2,2,one_to_many_split,one prior segment overlaps multiple wider-constitution segments
200,250,5,5,stable,stable,5401-5800,5251-5750,350,2,2,one_to_many_split,one prior segment overlaps multiple wider-constitution segments
200,250,5,6,stable,residual,5401-5800,5751-7000,50,2,2,one_to_many_split,one prior segment overlaps multiple wider-constitution segments
200,250,7,7,stable,stable,7001-7314,7001-7250,250,2,1,one_to_many_split,one prior segment overlaps multiple wider-constitution segments
200,250,7,8,stable,residual,7001-7314,7251-7314,64,2,1,one_to_many_split,one prior segment overlaps multiple wider-constitution segments
200,250,1,1,middle,middle,1-200,1-250,200,1,2,many_to_one_absorption,multiple prior segments overlap one wider-constitution segment
200,250,2,1,residual,middle,201-3400,1-250,50,2,2,many_to_one_absorption,multiple prior segments overlap one wider-constitution segment
200,250,3,4,stable,residual,3401-4800,4751-5250,50,3,2,many_to_one_absorption,multiple prior segments overlap one wider-constitution segment
200,250,4,4,residual,residual,4801-5400,4751-5250,450,2,2,many_to_one_absorption,multiple prior segments overlap one wider-constitution segment
200,250,4,5,residual,stable,4801-5400,5251-5750,150,2,2,many_to_one_absorption,multiple prior segments overlap one wider-constitution segment
200,250,5,5,stable,stable,5401-5800,5251-5750,350,2,2,many_to_one_absorption,multiple prior segments overlap one wider-constitution segment
200,250,5,6,stable,residual,5401-5800,5751-7000,50,2,2,many_to_one_absorption,multiple prior segments overlap one wider-constitution segment
200,250,6,6,residual,residual,5801-7000,5751-7000,1200,1,2,many_to_one_absorption,multiple prior segments overlap one wider-constitution segment
250,350,2,1,residual,middle,251-3500,1-350,100,2,2,one_to_many_split,one prior segment overlaps multiple wider-constitution segments
250,350,2,2,residual,residual,251-3500,351-3500,3150,2,1,one_to_many_split,one prior segment overlaps multiple wider-constitution segments
250,350,4,3,residual,stable,4751-5250,3501-4900,150,2,2,one_to_many_split,one prior segment overlaps multiple wider-constitution segments
250,350,4,4,residual,residual,4751-5250,4901-5250,350,2,1,one_to_many_split,one prior segment overlaps multiple wider-constitution segments
250,350,5,5,stable,stable,5251-5750,5251-5600,350,2,1,one_to_many_split,one prior segment overlaps multiple wider-constitution segments
250,350,5,6,stable,residual,5251-5750,5601-7000,150,2,2,one_to_many_split,one prior segment overlaps multiple wider-constitution segments
250,350,1,1,middle,middle,1-250,1-350,250,1,2,many_to_one_absorption,multiple prior segments overlap one wider-constitution segment
250,350,2,1,residual,middle,251-3500,1-350,100,2,2,many_to_one_absorption,multiple prior segments overlap one wider-constitution segment
250,350,3,3,stable,stable,3501-4750,3501-4900,1250,1,2,many_to_one_absorption,multiple prior segments overlap one wider-constitution segment
250,350,4,3,residual,stable,4751-5250,3501-4900,150,2,2,many_to_one_absorption,multiple prior segments overlap one wider-constitution segment
250,350,5,6,stable,residual,5251-5750,5601-7000,150,2,2,many_to_one_absorption,multiple prior segments overlap one wider-constitution segment
250,350,6,6,residual,residual,5751-7000,5601-7000,1250,1,2,many_to_one_absorption,multiple prior segments overlap one wider-constitution segment
250,350,7,7,stable,stable,7001-7250,7001-7314,250,1,2,many_to_one_absorption,multiple prior segments overlap one wider-constitution segment
250,350,8,7,residual,stable,7251-7314,7001-7314,64,1,2,many_to_one_absorption,multiple prior segments overlap one wider-constitution segment
350,500,6,2,residual,stable,5601-7000,3501-6000,400,2,4,one_to_many_split,one prior segment overlaps multiple wider-constitution segments
350,500,6,3,residual,residual,5601-7000,6001-7000,1000,2,1,one_to_many_split,one prior segment overlaps multiple wider-constitution segments
350,500,1,1,middle,residual,1-350,1-3500,350,1,2,many_to_one_absorption,multiple prior segments overlap one wider-constitution segment
350,500,2,1,residual,residual,351-3500,1-3500,3150,1,2,many_to_one_absorption,multiple prior segments overlap one wider-constitution segment
350,500,3,2,stable,stable,3501-4900,3501-6000,1400,1,4,many_to_one_absorption,multiple prior segments overlap one wider-constitution segment
350,500,4,2,residual,stable,4901-5250,3501-6000,350,1,4,many_to_one_absorption,multiple prior segments overlap one wider-constitution segment
350,500,5,2,stable,stable,5251-5600,3501-6000,350,1,4,many_to_one_absorption,multiple prior segments overlap one wider-constitution segment
350,500,6,2,residual,stable,5601-7000,3501-6000,400,2,4,many_to_one_absorption,multiple prior segments overlap one wider-constitution segment
350,500,7,4,stable,stable,7001-7314,7001-7314,314,1,1,one_to_one_continuation,observer-side overlap relation under adjacent constitution transition
500,750,2,1,stable,residual,3501-6000,1-3750,250,2,2,one_to_many_split,one prior segment overlaps multiple wider-constitution segments
500,750,2,2,stable,stable,3501-6000,3751-6000,2250,2,1,one_to_many_split,one prior segment overlaps multiple wider-constitution segments
500,750,3,3,residual,residual,6001-7000,6001-6750,750,2,1,one_to_many_split,one prior segment overlaps multiple wider-constitution segments
500,750,3,4,residual,stable,6001-7000,6751-7314,250,2,2,one_to_many_split,one prior segment overlaps multiple wider-constitution segments
500,750,1,1,residual,residual,1-3500,1-3750,3500,1,2,many_to_one_absorption,multiple prior segments overlap one wider-constitution segment
500,750,2,1,stable,residual,3501-6000,1-3750,250,2,2,many_to_one_absorption,multiple prior segments overlap one wider-constitution segment
500,750,3,4,residual,stable,6001-7000,6751-7314,250,2,2,many_to_one_absorption,multiple prior segments overlap one wider-constitution segment
500,750,4,4,stable,stable,7001-7314,6751-7314,314,1,2,many_to_one_absorption,multiple prior segments overlap one wider-constitution segment
750,1000,1,1,residual,residual,1-3750,1-3000,3000,2,1,one_to_many_split,one prior segment overlaps multiple wider-constitution segments
750,1000,1,2,residual,stable,1-3750,3001-6000,750,2,2,one_to_many_split,one prior segment overlaps multiple wider-constitution segments
750,1000,4,3,stable,residual,6751-7314,6001-7000,250,2,2,one_to_many_split,one prior segment overlaps multiple wider-constitution segments
750,1000,4,4,stable,stable,6751-7314,7001-7314,314,2,1,one_to_many_split,one prior segment overlaps multiple wider-constitution segments
750,1000,1,2,residual,stable,1-3750,3001-6000,750,2,2,many_to_one_absorption,multiple prior segments overlap one wider-constitution segment
750,1000,2,2,stable,stable,3751-6000,3001-6000,2250,1,2,many_to_one_absorption,multiple prior segments overlap one wider-constitution segment
750,1000,3,3,residual,residual,6001-6750,6001-7000,750,1,2,many_to_one_absorption,multiple prior segments overlap one wider-constitution segment
750,1000,4,3,stable,residual,6751-7314,6001-7000,250,2,2,many_to_one_absorption,multiple prior segments overlap one wider-constitution segment
1000,1500,3,3,residual,residual,6001-7000,6001-7314,1000,1,2,many_to_one_absorption,multiple prior segments overlap one wider-constitution segment
1000,1500,4,3,stable,residual,7001-7314,6001-7314,314,1,2,many_to_one_absorption,multiple prior segments overlap one wider-constitution segment
1000,1500,1,1,residual,residual,1-3000,1-3000,3000,1,1,one_to_one_continuation,observer-side overlap relation under adjacent constitution transition
1000,1500,2,2,stable,stable,3001-6000,3001-6000,3000,1,1,one_to_one_continuation,observer-side overlap relation under adjacent constitution transition
1500,2000,2,1,stable,residual,3001-6000,1-4000,1000,2,2,one_to_many_split,one prior segment overlaps multiple wider-constitution segments
1500,2000,2,2,stable,stable,3001-6000,4001-6000,2000,2,1,one_to_many_split,one prior segment overlaps multiple wider-constitution segments
1500,2000,1,1,residual,residual,1-3000,1-4000,3000,1,2,many_to_one_absorption,multiple prior segments overlap one wider-constitution segment
1500,2000,2,1,stable,residual,3001-6000,1-4000,1000,2,2,many_to_one_absorption,multiple prior segments overlap one wider-constitution segment
1500,2000,3,3,residual,residual,6001-7314,6001-7314,1314,1,1,one_to_one_continuation,observer-side overlap relation under adjacent constitution transition
2000,3000,1,1,residual,residual,1-4000,1-3000,3000,2,1,one_to_many_split,one prior segment overlaps multiple wider-constitution segments
2000,3000,1,2,residual,stable,1-4000,3001-6000,1000,2,2,one_to_many_split,one prior segment overlaps multiple wider-constitution segments
2000,3000,1,2,residual,stable,1-4000,3001-6000,1000,2,2,many_to_one_absorption,multiple prior segments overlap one wider-constitution segment
2000,3000,2,2,stable,stable,4001-6000,3001-6000,2000,1,2,many_to_one_absorption,multiple prior segments overlap one wider-constitution segment
2000,3000,3,3,residual,residual,6001-7314,6001-7314,1314,1,1,one_to_one_continuation,observer-side overlap relation under adjacent constitution transition
3000,4000,1,1,residual,residual,1-3000,1-7314,3000,1,3,many_to_one_absorption,multiple prior segments overlap one wider-constitution segment
3000,4000,2,1,stable,residual,3001-6000,1-7314,3000,1,3,many_to_one_absorption,multiple prior segments overlap one wider-constitution segment
3000,4000,3,1,residual,residual,6001-7314,1-7314,1314,1,3,many_to_one_absorption,multiple prior segments overlap one wider-constitution segment
4000,5000,1,1,residual,residual,1-7314,1-7314,7314,1,1,one_to_one_continuation,observer-side overlap relation under adjacent constitution transition
5000,7000,1,1,residual,residual,1-7314,1-7000,7000,2,1,one_to_many_split,one prior segment overlaps multiple wider-constitution segments
5000,7000,1,2,residual,stable,1-7314,7001-7314,314,2,1,one_to_many_split,one prior segment overlaps multiple wider-constitution segments
7000,10000,1,1,residual,residual,1-7000,1-7314,7000,1,2,many_to_one_absorption,multiple prior segments overlap one wider-constitution segment
7000,10000,2,1,stable,residual,7001-7314,1-7314,314,1,2,many_to_one_absorption,multiple prior segments overlap one wider-constitution segment
