window_size,window_id,line_start,line_end,lines,stable_lines,middle_lines,residual_lines,stable_share,middle_share,residual_share,residual_self_adjacent,residual_near_stable,residual_near_middle,residual_self_adjacent_share,residual_near_stable_share,dominant_residual_family_share,dominant_residual_family,local_residue_posture
25,window_001,1,25,25,25,0,0,1.0,0.0,0.0,0,0,0,0.0,0.0,0.0,,no_residual
25,window_002,26,50,25,25,0,0,1.0,0.0,0.0,0,0,0,0.0,0.0,0.0,,no_residual
25,window_003,51,75,25,25,0,0,1.0,0.0,0.0,0,0,0,0.0,0.0,0.0,,no_residual
25,window_004,76,100,25,25,0,0,1.0,0.0,0.0,0,0,0,0.0,0.0,0.0,,no_residual
25,window_005,101,125,25,25,0,0,1.0,0.0,0.0,0,0,0,0.0,0.0,0.0,,no_residual
25,window_006,126,150,25,25,0,0,1.0,0.0,0.0,0,0,0,0.0,0.0,0.0,,no_residual
25,window_007,151,175,25,25,0,0,1.0,0.0,0.0,0,0,0,0.0,0.0,0.0,,no_residual
25,window_008,176,200,25,25,0,0,1.0,0.0,0.0,0,0,0,0.0,0.0,0.0,,no_residual
25,window_009,201,225,25,25,0,0,1.0,0.0,0.0,0,0,0,0.0,0.0,0.0,,no_residual
25,window_010,226,250,25,25,0,0,1.0,0.0,0.0,0,0,0,0.0,0.0,0.0,,no_residual
25,window_011,251,275,25,25,0,0,1.0,0.0,0.0,0,0,0,0.0,0.0,0.0,,no_residual
25,window_012,276,300,25,25,0,0,1.0,0.0,0.0,0,0,0,0.0,0.0,0.0,,no_residual
25,window_013,301,325,25,25,0,0,1.0,0.0,0.0,0,0,0,0.0,0.0,0.0,,no_residual
25,window_014,326,350,25,25,0,0,1.0,0.0,0.0,0,0,0,0.0,0.0,0.0,,no_residual
25,window_015,351,375,25,25,0,0,1.0,0.0,0.0,0,0,0,0.0,0.0,0.0,,no_residual
25,window_016,376,400,25,25,0,0,1.0,0.0,0.0,0,0,0,0.0,0.0,0.0,,no_residual
25,window_017,401,425,25,25,0,0,1.0,0.0,0.0,0,0,0,0.0,0.0,0.0,,no_residual
25,window_018,426,450,25,25,0,0,1.0,0.0,0.0,0,0,0,0.0,0.0,0.0,,no_residual
25,window_019,451,475,25,25,0,0,1.0,0.0,0.0,0,0,0,0.0,0.0,0.0,,no_residual
25,window_020,476,500,25,25,0,0,1.0,0.0,0.0,0,0,0,0.0,0.0,0.0,,no_residual
25,window_021,501,525,25,25,0,0,1.0,0.0,0.0,0,0,0,0.0,0.0,0.0,,no_residual
25,window_022,526,550,25,25,0,0,1.0,0.0,0.0,0,0,0,0.0,0.0,0.0,,no_residual
25,window_023,551,575,25,25,0,0,1.0,0.0,0.0,0,0,0,0.0,0.0,0.0,,no_residual
25,window_024,576,600,25,25,0,0,1.0,0.0,0.0,0,0,0,0.0,0.0,0.0,,no_residual
25,window_025,601,625,25,25,0,0,1.0,0.0,0.0,0,0,0,0.0,0.0,0.0,,no_residual
25,window_026,626,650,25,25,0,0,1.0,0.0,0.0,0,0,0,0.0,0.0,0.0,,no_residual
25,window_027,651,675,25,25,0,0,1.0,0.0,0.0,0,0,0,0.0,0.0,0.0,,no_residual
25,window_028,676,700,25,25,0,0,1.0,0.0,0.0,0,0,0,0.0,0.0,0.0,,no_residual
25,window_029,701,725,25,25,0,0,1.0,0.0,0.0,0,0,0,0.0,0.0,0.0,,no_residual
25,window_030,726,750,25,25,0,0,1.0,0.0,0.0,0,0,0,0.0,0.0,0.0,,no_residual
25,window_031,751,775,25,25,0,0,1.0,0.0,0.0,0,0,0,0.0,0.0,0.0,,no_residual
25,window_032,776,800,25,25,0,0,1.0,0.0,0.0,0,0,0,0.0,0.0,0.0,,no_residual
25,window_033,801,825,25,25,0,0,1.0,0.0,0.0,0,0,0,0.0,0.0,0.0,,no_residual
25,window_034,826,850,25,25,0,0,1.0,0.0,0.0,0,0,0,0.0,0.0,0.0,,no_residual
25,window_035,851,875,25,25,0,0,1.0,0.0,0.0,0,0,0,0.0,0.0,0.0,,no_residual
25,window_036,876,900,25,25,0,0,1.0,0.0,0.0,0,0,0,0.0,0.0,0.0,,no_residual
25,window_037,901,925,25,25,0,0,1.0,0.0,0.0,0,0,0,0.0,0.0,0.0,,no_residual
25,window_038,926,950,25,25,0,0,1.0,0.0,0.0,0,0,0,0.0,0.0,0.0,,no_residual
25,window_039,951,975,25,25,0,0,1.0,0.0,0.0,0,0,0,0.0,0.0,0.0,,no_residual
25,window_040,976,1000,25,25,0,0,1.0,0.0,0.0,0,0,0,0.0,0.0,0.0,,no_residual
25,window_041,1001,1025,25,25,0,0,1.0,0.0,0.0,0,0,0,0.0,0.0,0.0,,no_residual
25,window_042,1026,1050,25,25,0,0,1.0,0.0,0.0,0,0,0,0.0,0.0,0.0,,no_residual
25,window_043,1051,1075,25,25,0,0,1.0,0.0,0.0,0,0,0,0.0,0.0,0.0,,no_residual
25,window_044,1076,1100,25,25,0,0,1.0,0.0,0.0,0,0,0,0.0,0.0,0.0,,no_residual
25,window_045,1101,1125,25,25,0,0,1.0,0.0,0.0,0,0,0,0.0,0.0,0.0,,no_residual
25,window_046,1126,1150,25,25,0,0,1.0,0.0,0.0,0,0,0,0.0,0.0,0.0,,no_residual
25,window_047,1151,1175,25,25,0,0,1.0,0.0,0.0,0,0,0,0.0,0.0,0.0,,no_residual
25,window_048,1176,1200,25,25,0,0,1.0,0.0,0.0,0,0,0,0.0,0.0,0.0,,no_residual
25,window_049,1201,1225,25,25,0,0,1.0,0.0,0.0,0,0,0,0.0,0.0,0.0,,no_residual
25,window_050,1226,1250,25,25,0,0,1.0,0.0,0.0,0,0,0,0.0,0.0,0.0,,no_residual
25,window_051,1251,1275,25,25,0,0,1.0,0.0,0.0,0,0,0,0.0,0.0,0.0,,no_residual
25,window_052,1276,1300,25,25,0,0,1.0,0.0,0.0,0,0,0,0.0,0.0,0.0,,no_residual
25,window_053,1301,1325,25,25,0,0,1.0,0.0,0.0,0,0,0,0.0,0.0,0.0,,no_residual
25,window_054,1326,1350,25,25,0,0,1.0,0.0,0.0,0,0,0,0.0,0.0,0.0,,no_residual
25,window_055,1351,1375,25,25,0,0,1.0,0.0,0.0,0,0,0,0.0,0.0,0.0,,no_residual
25,window_056,1376,1400,25,25,0,0,1.0,0.0,0.0,0,0,0,0.0,0.0,0.0,,no_residual
25,window_057,1401,1425,25,25,0,0,1.0,0.0,0.0,0,0,0,0.0,0.0,0.0,,no_residual
25,window_058,1426,1450,25,25,0,0,1.0,0.0,0.0,0,0,0,0.0,0.0,0.0,,no_residual
25,window_059,1451,1475,25,25,0,0,1.0,0.0,0.0,0,0,0,0.0,0.0,0.0,,no_residual
25,window_060,1476,1500,25,25,0,0,1.0,0.0,0.0,0,0,0,0.0,0.0,0.0,,no_residual
25,window_061,1501,1525,25,25,0,0,1.0,0.0,0.0,0,0,0,0.0,0.0,0.0,,no_residual
25,window_062,1526,1550,25,25,0,0,1.0,0.0,0.0,0,0,0,0.0,0.0,0.0,,no_residual
25,window_063,1551,1575,25,25,0,0,1.0,0.0,0.0,0,0,0,0.0,0.0,0.0,,no_residual
25,window_064,1576,1600,25,25,0,0,1.0,0.0,0.0,0,0,0,0.0,0.0,0.0,,no_residual
25,window_065,1601,1625,25,25,0,0,1.0,0.0,0.0,0,0,0,0.0,0.0,0.0,,no_residual
25,window_066,1626,1650,25,25,0,0,1.0,0.0,0.0,0,0,0,0.0,0.0,0.0,,no_residual
25,window_067,1651,1675,25,25,0,0,1.0,0.0,0.0,0,0,0,0.0,0.0,0.0,,no_residual
25,window_068,1676,1700,25,25,0,0,1.0,0.0,0.0,0,0,0,0.0,0.0,0.0,,no_residual
25,window_069,1701,1725,25,25,0,0,1.0,0.0,0.0,0,0,0,0.0,0.0,0.0,,no_residual
25,window_070,1726,1750,25,25,0,0,1.0,0.0,0.0,0,0,0,0.0,0.0,0.0,,no_residual
25,window_071,1751,1775,25,25,0,0,1.0,0.0,0.0,0,0,0,0.0,0.0,0.0,,no_residual
25,window_072,1776,1800,25,25,0,0,1.0,0.0,0.0,0,0,0,0.0,0.0,0.0,,no_residual
25,window_073,1801,1825,25,25,0,0,1.0,0.0,0.0,0,0,0,0.0,0.0,0.0,,no_residual
25,window_074,1826,1850,25,25,0,0,1.0,0.0,0.0,0,0,0,0.0,0.0,0.0,,no_residual
25,window_075,1851,1875,25,25,0,0,1.0,0.0,0.0,0,0,0,0.0,0.0,0.0,,no_residual
25,window_076,1876,1900,25,25,0,0,1.0,0.0,0.0,0,0,0,0.0,0.0,0.0,,no_residual
25,window_077,1901,1925,25,25,0,0,1.0,0.0,0.0,0,0,0,0.0,0.0,0.0,,no_residual
25,window_078,1926,1950,25,25,0,0,1.0,0.0,0.0,0,0,0,0.0,0.0,0.0,,no_residual
25,window_079,1951,1975,25,25,0,0,1.0,0.0,0.0,0,0,0,0.0,0.0,0.0,,no_residual
25,window_080,1976,2000,25,25,0,0,1.0,0.0,0.0,0,0,0,0.0,0.0,0.0,,no_residual
25,window_081,2001,2025,25,25,0,0,1.0,0.0,0.0,0,0,0,0.0,0.0,0.0,,no_residual
25,window_082,2026,2050,25,25,0,0,1.0,0.0,0.0,0,0,0,0.0,0.0,0.0,,no_residual
25,window_083,2051,2075,25,25,0,0,1.0,0.0,0.0,0,0,0,0.0,0.0,0.0,,no_residual
25,window_084,2076,2100,25,25,0,0,1.0,0.0,0.0,0,0,0,0.0,0.0,0.0,,no_residual
25,window_085,2101,2125,25,25,0,0,1.0,0.0,0.0,0,0,0,0.0,0.0,0.0,,no_residual
25,window_086,2126,2150,25,25,0,0,1.0,0.0,0.0,0,0,0,0.0,0.0,0.0,,no_residual
25,window_087,2151,2175,25,25,0,0,1.0,0.0,0.0,0,0,0,0.0,0.0,0.0,,no_residual
25,window_088,2176,2200,25,25,0,0,1.0,0.0,0.0,0,0,0,0.0,0.0,0.0,,no_residual
25,window_089,2201,2225,25,25,0,0,1.0,0.0,0.0,0,0,0,0.0,0.0,0.0,,no_residual
25,window_090,2226,2250,25,25,0,0,1.0,0.0,0.0,0,0,0,0.0,0.0,0.0,,no_residual
25,window_091,2251,2275,25,25,0,0,1.0,0.0,0.0,0,0,0,0.0,0.0,0.0,,no_residual
25,window_092,2276,2300,25,25,0,0,1.0,0.0,0.0,0,0,0,0.0,0.0,0.0,,no_residual
25,window_093,2301,2325,25,25,0,0,1.0,0.0,0.0,0,0,0,0.0,0.0,0.0,,no_residual
25,window_094,2326,2350,25,25,0,0,1.0,0.0,0.0,0,0,0,0.0,0.0,0.0,,no_residual
25,window_095,2351,2375,25,25,0,0,1.0,0.0,0.0,0,0,0,0.0,0.0,0.0,,no_residual
25,window_096,2376,2400,25,25,0,0,1.0,0.0,0.0,0,0,0,0.0,0.0,0.0,,no_residual
25,window_097,2401,2425,25,25,0,0,1.0,0.0,0.0,0,0,0,0.0,0.0,0.0,,no_residual
25,window_098,2426,2450,25,25,0,0,1.0,0.0,0.0,0,0,0,0.0,0.0,0.0,,no_residual
25,window_099,2451,2475,25,25,0,0,1.0,0.0,0.0,0,0,0,0.0,0.0,0.0,,no_residual
25,window_100,2476,2500,25,25,0,0,1.0,0.0,0.0,0,0,0,0.0,0.0,0.0,,no_residual
25,window_101,2501,2525,25,25,0,0,1.0,0.0,0.0,0,0,0,0.0,0.0,0.0,,no_residual
25,window_102,2526,2550,25,25,0,0,1.0,0.0,0.0,0,0,0,0.0,0.0,0.0,,no_residual
25,window_103,2551,2575,25,25,0,0,1.0,0.0,0.0,0,0,0,0.0,0.0,0.0,,no_residual
25,window_104,2576,2600,25,25,0,0,1.0,0.0,0.0,0,0,0,0.0,0.0,0.0,,no_residual
25,window_105,2601,2625,25,25,0,0,1.0,0.0,0.0,0,0,0,0.0,0.0,0.0,,no_residual
25,window_106,2626,2650,25,25,0,0,1.0,0.0,0.0,0,0,0,0.0,0.0,0.0,,no_residual
25,window_107,2651,2675,25,25,0,0,1.0,0.0,0.0,0,0,0,0.0,0.0,0.0,,no_residual
25,window_108,2676,2700,25,25,0,0,1.0,0.0,0.0,0,0,0,0.0,0.0,0.0,,no_residual
25,window_109,2701,2725,25,25,0,0,1.0,0.0,0.0,0,0,0,0.0,0.0,0.0,,no_residual
25,window_110,2726,2750,25,25,0,0,1.0,0.0,0.0,0,0,0,0.0,0.0,0.0,,no_residual
25,window_111,2751,2775,25,25,0,0,1.0,0.0,0.0,0,0,0,0.0,0.0,0.0,,no_residual
25,window_112,2776,2800,25,25,0,0,1.0,0.0,0.0,0,0,0,0.0,0.0,0.0,,no_residual
25,window_113,2801,2825,25,25,0,0,1.0,0.0,0.0,0,0,0,0.0,0.0,0.0,,no_residual
25,window_114,2826,2850,25,25,0,0,1.0,0.0,0.0,0,0,0,0.0,0.0,0.0,,no_residual
25,window_115,2851,2875,25,25,0,0,1.0,0.0,0.0,0,0,0,0.0,0.0,0.0,,no_residual
25,window_116,2876,2900,25,25,0,0,1.0,0.0,0.0,0,0,0,0.0,0.0,0.0,,no_residual
25,window_117,2901,2925,25,25,0,0,1.0,0.0,0.0,0,0,0,0.0,0.0,0.0,,no_residual
25,window_118,2926,2950,25,25,0,0,1.0,0.0,0.0,0,0,0,0.0,0.0,0.0,,no_residual
25,window_119,2951,2975,25,25,0,0,1.0,0.0,0.0,0,0,0,0.0,0.0,0.0,,no_residual
25,window_120,2976,3000,25,25,0,0,1.0,0.0,0.0,0,0,0,0.0,0.0,0.0,,no_residual
25,window_121,3001,3025,25,25,0,0,1.0,0.0,0.0,0,0,0,0.0,0.0,0.0,,no_residual
25,window_122,3026,3050,25,25,0,0,1.0,0.0,0.0,0,0,0,0.0,0.0,0.0,,no_residual
25,window_123,3051,3075,25,25,0,0,1.0,0.0,0.0,0,0,0,0.0,0.0,0.0,,no_residual
25,window_124,3076,3100,25,25,0,0,1.0,0.0,0.0,0,0,0,0.0,0.0,0.0,,no_residual
25,window_125,3101,3125,25,25,0,0,1.0,0.0,0.0,0,0,0,0.0,0.0,0.0,,no_residual
25,window_126,3126,3150,25,25,0,0,1.0,0.0,0.0,0,0,0,0.0,0.0,0.0,,no_residual
25,window_127,3151,3175,25,25,0,0,1.0,0.0,0.0,0,0,0,0.0,0.0,0.0,,no_residual
25,window_128,3176,3200,25,25,0,0,1.0,0.0,0.0,0,0,0,0.0,0.0,0.0,,no_residual
25,window_129,3201,3225,25,25,0,0,1.0,0.0,0.0,0,0,0,0.0,0.0,0.0,,no_residual
25,window_130,3226,3250,25,25,0,0,1.0,0.0,0.0,0,0,0,0.0,0.0,0.0,,no_residual
25,window_131,3251,3275,25,25,0,0,1.0,0.0,0.0,0,0,0,0.0,0.0,0.0,,no_residual
25,window_132,3276,3300,25,25,0,0,1.0,0.0,0.0,0,0,0,0.0,0.0,0.0,,no_residual
25,window_133,3301,3325,25,25,0,0,1.0,0.0,0.0,0,0,0,0.0,0.0,0.0,,no_residual
25,window_134,3326,3350,25,25,0,0,1.0,0.0,0.0,0,0,0,0.0,0.0,0.0,,no_residual
25,window_135,3351,3375,25,25,0,0,1.0,0.0,0.0,0,0,0,0.0,0.0,0.0,,no_residual
25,window_136,3376,3400,25,25,0,0,1.0,0.0,0.0,0,0,0,0.0,0.0,0.0,,no_residual
25,window_137,3401,3425,25,25,0,0,1.0,0.0,0.0,0,0,0,0.0,0.0,0.0,,no_residual
25,window_138,3426,3450,25,25,0,0,1.0,0.0,0.0,0,0,0,0.0,0.0,0.0,,no_residual
25,window_139,3451,3475,25,25,0,0,1.0,0.0,0.0,0,0,0,0.0,0.0,0.0,,no_residual
25,window_140,3476,3500,25,25,0,0,1.0,0.0,0.0,0,0,0,0.0,0.0,0.0,,no_residual
25,window_141,3501,3525,25,25,0,0,1.0,0.0,0.0,0,0,0,0.0,0.0,0.0,,no_residual
25,window_142,3526,3550,25,25,0,0,1.0,0.0,0.0,0,0,0,0.0,0.0,0.0,,no_residual
25,window_143,3551,3575,25,25,0,0,1.0,0.0,0.0,0,0,0,0.0,0.0,0.0,,no_residual
25,window_144,3576,3600,25,25,0,0,1.0,0.0,0.0,0,0,0,0.0,0.0,0.0,,no_residual
25,window_145,3601,3625,25,25,0,0,1.0,0.0,0.0,0,0,0,0.0,0.0,0.0,,no_residual
25,window_146,3626,3650,25,25,0,0,1.0,0.0,0.0,0,0,0,0.0,0.0,0.0,,no_residual
25,window_147,3651,3675,25,25,0,0,1.0,0.0,0.0,0,0,0,0.0,0.0,0.0,,no_residual
25,window_148,3676,3700,25,25,0,0,1.0,0.0,0.0,0,0,0,0.0,0.0,0.0,,no_residual
25,window_149,3701,3725,25,25,0,0,1.0,0.0,0.0,0,0,0,0.0,0.0,0.0,,no_residual
25,window_150,3726,3750,25,25,0,0,1.0,0.0,0.0,0,0,0,0.0,0.0,0.0,,no_residual
25,window_151,3751,3775,25,25,0,0,1.0,0.0,0.0,0,0,0,0.0,0.0,0.0,,no_residual
25,window_152,3776,3800,25,25,0,0,1.0,0.0,0.0,0,0,0,0.0,0.0,0.0,,no_residual
25,window_153,3801,3825,25,25,0,0,1.0,0.0,0.0,0,0,0,0.0,0.0,0.0,,no_residual
25,window_154,3826,3850,25,25,0,0,1.0,0.0,0.0,0,0,0,0.0,0.0,0.0,,no_residual
25,window_155,3851,3875,25,25,0,0,1.0,0.0,0.0,0,0,0,0.0,0.0,0.0,,no_residual
25,window_156,3876,3900,25,25,0,0,1.0,0.0,0.0,0,0,0,0.0,0.0,0.0,,no_residual
25,window_157,3901,3925,25,25,0,0,1.0,0.0,0.0,0,0,0,0.0,0.0,0.0,,no_residual
25,window_158,3926,3950,25,25,0,0,1.0,0.0,0.0,0,0,0,0.0,0.0,0.0,,no_residual
25,window_159,3951,3975,25,25,0,0,1.0,0.0,0.0,0,0,0,0.0,0.0,0.0,,no_residual
25,window_160,3976,4000,25,25,0,0,1.0,0.0,0.0,0,0,0,0.0,0.0,0.0,,no_residual
25,window_161,4001,4025,25,25,0,0,1.0,0.0,0.0,0,0,0,0.0,0.0,0.0,,no_residual
25,window_162,4026,4050,25,25,0,0,1.0,0.0,0.0,0,0,0,0.0,0.0,0.0,,no_residual
25,window_163,4051,4075,25,25,0,0,1.0,0.0,0.0,0,0,0,0.0,0.0,0.0,,no_residual
25,window_164,4076,4100,25,25,0,0,1.0,0.0,0.0,0,0,0,0.0,0.0,0.0,,no_residual
25,window_165,4101,4125,25,25,0,0,1.0,0.0,0.0,0,0,0,0.0,0.0,0.0,,no_residual
25,window_166,4126,4150,25,25,0,0,1.0,0.0,0.0,0,0,0,0.0,0.0,0.0,,no_residual
25,window_167,4151,4175,25,25,0,0,1.0,0.0,0.0,0,0,0,0.0,0.0,0.0,,no_residual
25,window_168,4176,4200,25,25,0,0,1.0,0.0,0.0,0,0,0,0.0,0.0,0.0,,no_residual
25,window_169,4201,4225,25,25,0,0,1.0,0.0,0.0,0,0,0,0.0,0.0,0.0,,no_residual
25,window_170,4226,4250,25,25,0,0,1.0,0.0,0.0,0,0,0,0.0,0.0,0.0,,no_residual
25,window_171,4251,4275,25,25,0,0,1.0,0.0,0.0,0,0,0,0.0,0.0,0.0,,no_residual
25,window_172,4276,4300,25,25,0,0,1.0,0.0,0.0,0,0,0,0.0,0.0,0.0,,no_residual
25,window_173,4301,4325,25,25,0,0,1.0,0.0,0.0,0,0,0,0.0,0.0,0.0,,no_residual
25,window_174,4326,4350,25,25,0,0,1.0,0.0,0.0,0,0,0,0.0,0.0,0.0,,no_residual
25,window_175,4351,4375,25,25,0,0,1.0,0.0,0.0,0,0,0,0.0,0.0,0.0,,no_residual
25,window_176,4376,4400,25,25,0,0,1.0,0.0,0.0,0,0,0,0.0,0.0,0.0,,no_residual
25,window_177,4401,4425,25,25,0,0,1.0,0.0,0.0,0,0,0,0.0,0.0,0.0,,no_residual
25,window_178,4426,4450,25,25,0,0,1.0,0.0,0.0,0,0,0,0.0,0.0,0.0,,no_residual
25,window_179,4451,4475,25,25,0,0,1.0,0.0,0.0,0,0,0,0.0,0.0,0.0,,no_residual
25,window_180,4476,4500,25,25,0,0,1.0,0.0,0.0,0,0,0,0.0,0.0,0.0,,no_residual
25,window_181,4501,4525,25,25,0,0,1.0,0.0,0.0,0,0,0,0.0,0.0,0.0,,no_residual
25,window_182,4526,4550,25,25,0,0,1.0,0.0,0.0,0,0,0,0.0,0.0,0.0,,no_residual
25,window_183,4551,4575,25,25,0,0,1.0,0.0,0.0,0,0,0,0.0,0.0,0.0,,no_residual
25,window_184,4576,4600,25,25,0,0,1.0,0.0,0.0,0,0,0,0.0,0.0,0.0,,no_residual
25,window_185,4601,4625,25,25,0,0,1.0,0.0,0.0,0,0,0,0.0,0.0,0.0,,no_residual
25,window_186,4626,4650,25,25,0,0,1.0,0.0,0.0,0,0,0,0.0,0.0,0.0,,no_residual
25,window_187,4651,4675,25,25,0,0,1.0,0.0,0.0,0,0,0,0.0,0.0,0.0,,no_residual
25,window_188,4676,4700,25,25,0,0,1.0,0.0,0.0,0,0,0,0.0,0.0,0.0,,no_residual
25,window_189,4701,4725,25,25,0,0,1.0,0.0,0.0,0,0,0,0.0,0.0,0.0,,no_residual
25,window_190,4726,4750,25,25,0,0,1.0,0.0,0.0,0,0,0,0.0,0.0,0.0,,no_residual
25,window_191,4751,4775,25,25,0,0,1.0,0.0,0.0,0,0,0,0.0,0.0,0.0,,no_residual
25,window_192,4776,4800,25,25,0,0,1.0,0.0,0.0,0,0,0,0.0,0.0,0.0,,no_residual
25,window_193,4801,4825,25,25,0,0,1.0,0.0,0.0,0,0,0,0.0,0.0,0.0,,no_residual
25,window_194,4826,4850,25,25,0,0,1.0,0.0,0.0,0,0,0,0.0,0.0,0.0,,no_residual
25,window_195,4851,4875,25,25,0,0,1.0,0.0,0.0,0,0,0,0.0,0.0,0.0,,no_residual
25,window_196,4876,4900,25,25,0,0,1.0,0.0,0.0,0,0,0,0.0,0.0,0.0,,no_residual
25,window_197,4901,4925,25,25,0,0,1.0,0.0,0.0,0,0,0,0.0,0.0,0.0,,no_residual
25,window_198,4926,4950,25,25,0,0,1.0,0.0,0.0,0,0,0,0.0,0.0,0.0,,no_residual
25,window_199,4951,4975,25,25,0,0,1.0,0.0,0.0,0,0,0,0.0,0.0,0.0,,no_residual
25,window_200,4976,5000,25,25,0,0,1.0,0.0,0.0,0,0,0,0.0,0.0,0.0,,no_residual
40,window_001,1,40,40,40,0,0,1.0,0.0,0.0,0,0,0,0.0,0.0,0.0,,no_residual
40,window_002,41,80,40,40,0,0,1.0,0.0,0.0,0,0,0,0.0,0.0,0.0,,no_residual
40,window_003,81,120,40,40,0,0,1.0,0.0,0.0,0,0,0,0.0,0.0,0.0,,no_residual
40,window_004,121,160,40,40,0,0,1.0,0.0,0.0,0,0,0,0.0,0.0,0.0,,no_residual
40,window_005,161,200,40,40,0,0,1.0,0.0,0.0,0,0,0,0.0,0.0,0.0,,no_residual
40,window_006,201,240,40,40,0,0,1.0,0.0,0.0,0,0,0,0.0,0.0,0.0,,no_residual
40,window_007,241,280,40,40,0,0,1.0,0.0,0.0,0,0,0,0.0,0.0,0.0,,no_residual
40,window_008,281,320,40,40,0,0,1.0,0.0,0.0,0,0,0,0.0,0.0,0.0,,no_residual
40,window_009,321,360,40,40,0,0,1.0,0.0,0.0,0,0,0,0.0,0.0,0.0,,no_residual
40,window_010,361,400,40,40,0,0,1.0,0.0,0.0,0,0,0,0.0,0.0,0.0,,no_residual
40,window_011,401,440,40,40,0,0,1.0,0.0,0.0,0,0,0,0.0,0.0,0.0,,no_residual
40,window_012,441,480,40,40,0,0,1.0,0.0,0.0,0,0,0,0.0,0.0,0.0,,no_residual
40,window_013,481,520,40,40,0,0,1.0,0.0,0.0,0,0,0,0.0,0.0,0.0,,no_residual
40,window_014,521,560,40,40,0,0,1.0,0.0,0.0,0,0,0,0.0,0.0,0.0,,no_residual
40,window_015,561,600,40,40,0,0,1.0,0.0,0.0,0,0,0,0.0,0.0,0.0,,no_residual
40,window_016,601,640,40,40,0,0,1.0,0.0,0.0,0,0,0,0.0,0.0,0.0,,no_residual
40,window_017,641,680,40,40,0,0,1.0,0.0,0.0,0,0,0,0.0,0.0,0.0,,no_residual
40,window_018,681,720,40,40,0,0,1.0,0.0,0.0,0,0,0,0.0,0.0,0.0,,no_residual
40,window_019,721,760,40,40,0,0,1.0,0.0,0.0,0,0,0,0.0,0.0,0.0,,no_residual
40,window_020,761,800,40,40,0,0,1.0,0.0,0.0,0,0,0,0.0,0.0,0.0,,no_residual
40,window_021,801,840,40,40,0,0,1.0,0.0,0.0,0,0,0,0.0,0.0,0.0,,no_residual
40,window_022,841,880,40,40,0,0,1.0,0.0,0.0,0,0,0,0.0,0.0,0.0,,no_residual
40,window_023,881,920,40,40,0,0,1.0,0.0,0.0,0,0,0,0.0,0.0,0.0,,no_residual
40,window_024,921,960,40,40,0,0,1.0,0.0,0.0,0,0,0,0.0,0.0,0.0,,no_residual
40,window_025,961,1000,40,40,0,0,1.0,0.0,0.0,0,0,0,0.0,0.0,0.0,,no_residual
40,window_026,1001,1040,40,40,0,0,1.0,0.0,0.0,0,0,0,0.0,0.0,0.0,,no_residual
40,window_027,1041,1080,40,40,0,0,1.0,0.0,0.0,0,0,0,0.0,0.0,0.0,,no_residual
40,window_028,1081,1120,40,40,0,0,1.0,0.0,0.0,0,0,0,0.0,0.0,0.0,,no_residual
40,window_029,1121,1160,40,40,0,0,1.0,0.0,0.0,0,0,0,0.0,0.0,0.0,,no_residual
40,window_030,1161,1200,40,40,0,0,1.0,0.0,0.0,0,0,0,0.0,0.0,0.0,,no_residual
40,window_031,1201,1240,40,40,0,0,1.0,0.0,0.0,0,0,0,0.0,0.0,0.0,,no_residual
40,window_032,1241,1280,40,40,0,0,1.0,0.0,0.0,0,0,0,0.0,0.0,0.0,,no_residual
40,window_033,1281,1320,40,40,0,0,1.0,0.0,0.0,0,0,0,0.0,0.0,0.0,,no_residual
40,window_034,1321,1360,40,40,0,0,1.0,0.0,0.0,0,0,0,0.0,0.0,0.0,,no_residual
40,window_035,1361,1400,40,40,0,0,1.0,0.0,0.0,0,0,0,0.0,0.0,0.0,,no_residual
40,window_036,1401,1440,40,40,0,0,1.0,0.0,0.0,0,0,0,0.0,0.0,0.0,,no_residual
40,window_037,1441,1480,40,40,0,0,1.0,0.0,0.0,0,0,0,0.0,0.0,0.0,,no_residual
40,window_038,1481,1520,40,40,0,0,1.0,0.0,0.0,0,0,0,0.0,0.0,0.0,,no_residual
40,window_039,1521,1560,40,40,0,0,1.0,0.0,0.0,0,0,0,0.0,0.0,0.0,,no_residual
40,window_040,1561,1600,40,40,0,0,1.0,0.0,0.0,0,0,0,0.0,0.0,0.0,,no_residual
40,window_041,1601,1640,40,40,0,0,1.0,0.0,0.0,0,0,0,0.0,0.0,0.0,,no_residual
40,window_042,1641,1680,40,40,0,0,1.0,0.0,0.0,0,0,0,0.0,0.0,0.0,,no_residual
40,window_043,1681,1720,40,40,0,0,1.0,0.0,0.0,0,0,0,0.0,0.0,0.0,,no_residual
40,window_044,1721,1760,40,40,0,0,1.0,0.0,0.0,0,0,0,0.0,0.0,0.0,,no_residual
40,window_045,1761,1800,40,40,0,0,1.0,0.0,0.0,0,0,0,0.0,0.0,0.0,,no_residual
40,window_046,1801,1840,40,40,0,0,1.0,0.0,0.0,0,0,0,0.0,0.0,0.0,,no_residual
40,window_047,1841,1880,40,40,0,0,1.0,0.0,0.0,0,0,0,0.0,0.0,0.0,,no_residual
40,window_048,1881,1920,40,40,0,0,1.0,0.0,0.0,0,0,0,0.0,0.0,0.0,,no_residual
40,window_049,1921,1960,40,40,0,0,1.0,0.0,0.0,0,0,0,0.0,0.0,0.0,,no_residual
40,window_050,1961,2000,40,40,0,0,1.0,0.0,0.0,0,0,0,0.0,0.0,0.0,,no_residual
40,window_051,2001,2040,40,40,0,0,1.0,0.0,0.0,0,0,0,0.0,0.0,0.0,,no_residual
40,window_052,2041,2080,40,40,0,0,1.0,0.0,0.0,0,0,0,0.0,0.0,0.0,,no_residual
40,window_053,2081,2120,40,40,0,0,1.0,0.0,0.0,0,0,0,0.0,0.0,0.0,,no_residual
40,window_054,2121,2160,40,40,0,0,1.0,0.0,0.0,0,0,0,0.0,0.0,0.0,,no_residual
40,window_055,2161,2200,40,40,0,0,1.0,0.0,0.0,0,0,0,0.0,0.0,0.0,,no_residual
40,window_056,2201,2240,40,40,0,0,1.0,0.0,0.0,0,0,0,0.0,0.0,0.0,,no_residual
40,window_057,2241,2280,40,40,0,0,1.0,0.0,0.0,0,0,0,0.0,0.0,0.0,,no_residual
40,window_058,2281,2320,40,40,0,0,1.0,0.0,0.0,0,0,0,0.0,0.0,0.0,,no_residual
40,window_059,2321,2360,40,40,0,0,1.0,0.0,0.0,0,0,0,0.0,0.0,0.0,,no_residual
40,window_060,2361,2400,40,40,0,0,1.0,0.0,0.0,0,0,0,0.0,0.0,0.0,,no_residual
40,window_061,2401,2440,40,40,0,0,1.0,0.0,0.0,0,0,0,0.0,0.0,0.0,,no_residual
40,window_062,2441,2480,40,40,0,0,1.0,0.0,0.0,0,0,0,0.0,0.0,0.0,,no_residual
40,window_063,2481,2520,40,40,0,0,1.0,0.0,0.0,0,0,0,0.0,0.0,0.0,,no_residual
40,window_064,2521,2560,40,40,0,0,1.0,0.0,0.0,0,0,0,0.0,0.0,0.0,,no_residual
40,window_065,2561,2600,40,40,0,0,1.0,0.0,0.0,0,0,0,0.0,0.0,0.0,,no_residual
40,window_066,2601,2640,40,40,0,0,1.0,0.0,0.0,0,0,0,0.0,0.0,0.0,,no_residual
40,window_067,2641,2680,40,40,0,0,1.0,0.0,0.0,0,0,0,0.0,0.0,0.0,,no_residual
40,window_068,2681,2720,40,40,0,0,1.0,0.0,0.0,0,0,0,0.0,0.0,0.0,,no_residual
40,window_069,2721,2760,40,40,0,0,1.0,0.0,0.0,0,0,0,0.0,0.0,0.0,,no_residual
40,window_070,2761,2800,40,40,0,0,1.0,0.0,0.0,0,0,0,0.0,0.0,0.0,,no_residual
40,window_071,2801,2840,40,40,0,0,1.0,0.0,0.0,0,0,0,0.0,0.0,0.0,,no_residual
40,window_072,2841,2880,40,40,0,0,1.0,0.0,0.0,0,0,0,0.0,0.0,0.0,,no_residual
40,window_073,2881,2920,40,40,0,0,1.0,0.0,0.0,0,0,0,0.0,0.0,0.0,,no_residual
40,window_074,2921,2960,40,40,0,0,1.0,0.0,0.0,0,0,0,0.0,0.0,0.0,,no_residual
40,window_075,2961,3000,40,40,0,0,1.0,0.0,0.0,0,0,0,0.0,0.0,0.0,,no_residual
40,window_076,3001,3040,40,40,0,0,1.0,0.0,0.0,0,0,0,0.0,0.0,0.0,,no_residual
40,window_077,3041,3080,40,40,0,0,1.0,0.0,0.0,0,0,0,0.0,0.0,0.0,,no_residual
40,window_078,3081,3120,40,40,0,0,1.0,0.0,0.0,0,0,0,0.0,0.0,0.0,,no_residual
40,window_079,3121,3160,40,40,0,0,1.0,0.0,0.0,0,0,0,0.0,0.0,0.0,,no_residual
40,window_080,3161,3200,40,40,0,0,1.0,0.0,0.0,0,0,0,0.0,0.0,0.0,,no_residual
40,window_081,3201,3240,40,40,0,0,1.0,0.0,0.0,0,0,0,0.0,0.0,0.0,,no_residual
40,window_082,3241,3280,40,40,0,0,1.0,0.0,0.0,0,0,0,0.0,0.0,0.0,,no_residual
40,window_083,3281,3320,40,40,0,0,1.0,0.0,0.0,0,0,0,0.0,0.0,0.0,,no_residual
40,window_084,3321,3360,40,40,0,0,1.0,0.0,0.0,0,0,0,0.0,0.0,0.0,,no_residual
40,window_085,3361,3400,40,40,0,0,1.0,0.0,0.0,0,0,0,0.0,0.0,0.0,,no_residual
40,window_086,3401,3440,40,40,0,0,1.0,0.0,0.0,0,0,0,0.0,0.0,0.0,,no_residual
40,window_087,3441,3480,40,40,0,0,1.0,0.0,0.0,0,0,0,0.0,0.0,0.0,,no_residual
40,window_088,3481,3520,40,40,0,0,1.0,0.0,0.0,0,0,0,0.0,0.0,0.0,,no_residual
40,window_089,3521,3560,40,40,0,0,1.0,0.0,0.0,0,0,0,0.0,0.0,0.0,,no_residual
40,window_090,3561,3600,40,40,0,0,1.0,0.0,0.0,0,0,0,0.0,0.0,0.0,,no_residual
40,window_091,3601,3640,40,40,0,0,1.0,0.0,0.0,0,0,0,0.0,0.0,0.0,,no_residual
40,window_092,3641,3680,40,40,0,0,1.0,0.0,0.0,0,0,0,0.0,0.0,0.0,,no_residual
40,window_093,3681,3720,40,40,0,0,1.0,0.0,0.0,0,0,0,0.0,0.0,0.0,,no_residual
40,window_094,3721,3760,40,40,0,0,1.0,0.0,0.0,0,0,0,0.0,0.0,0.0,,no_residual
40,window_095,3761,3800,40,40,0,0,1.0,0.0,0.0,0,0,0,0.0,0.0,0.0,,no_residual
40,window_096,3801,3840,40,40,0,0,1.0,0.0,0.0,0,0,0,0.0,0.0,0.0,,no_residual
40,window_097,3841,3880,40,40,0,0,1.0,0.0,0.0,0,0,0,0.0,0.0,0.0,,no_residual
40,window_098,3881,3920,40,40,0,0,1.0,0.0,0.0,0,0,0,0.0,0.0,0.0,,no_residual
40,window_099,3921,3960,40,40,0,0,1.0,0.0,0.0,0,0,0,0.0,0.0,0.0,,no_residual
40,window_100,3961,4000,40,40,0,0,1.0,0.0,0.0,0,0,0,0.0,0.0,0.0,,no_residual
40,window_101,4001,4040,40,40,0,0,1.0,0.0,0.0,0,0,0,0.0,0.0,0.0,,no_residual
40,window_102,4041,4080,40,40,0,0,1.0,0.0,0.0,0,0,0,0.0,0.0,0.0,,no_residual
40,window_103,4081,4120,40,40,0,0,1.0,0.0,0.0,0,0,0,0.0,0.0,0.0,,no_residual
40,window_104,4121,4160,40,40,0,0,1.0,0.0,0.0,0,0,0,0.0,0.0,0.0,,no_residual
40,window_105,4161,4200,40,40,0,0,1.0,0.0,0.0,0,0,0,0.0,0.0,0.0,,no_residual
40,window_106,4201,4240,40,40,0,0,1.0,0.0,0.0,0,0,0,0.0,0.0,0.0,,no_residual
40,window_107,4241,4280,40,40,0,0,1.0,0.0,0.0,0,0,0,0.0,0.0,0.0,,no_residual
40,window_108,4281,4320,40,40,0,0,1.0,0.0,0.0,0,0,0,0.0,0.0,0.0,,no_residual
40,window_109,4321,4360,40,40,0,0,1.0,0.0,0.0,0,0,0,0.0,0.0,0.0,,no_residual
40,window_110,4361,4400,40,40,0,0,1.0,0.0,0.0,0,0,0,0.0,0.0,0.0,,no_residual
40,window_111,4401,4440,40,40,0,0,1.0,0.0,0.0,0,0,0,0.0,0.0,0.0,,no_residual
40,window_112,4441,4480,40,40,0,0,1.0,0.0,0.0,0,0,0,0.0,0.0,0.0,,no_residual
40,window_113,4481,4520,40,40,0,0,1.0,0.0,0.0,0,0,0,0.0,0.0,0.0,,no_residual
40,window_114,4521,4560,40,40,0,0,1.0,0.0,0.0,0,0,0,0.0,0.0,0.0,,no_residual
40,window_115,4561,4600,40,40,0,0,1.0,0.0,0.0,0,0,0,0.0,0.0,0.0,,no_residual
40,window_116,4601,4640,40,40,0,0,1.0,0.0,0.0,0,0,0,0.0,0.0,0.0,,no_residual
40,window_117,4641,4680,40,40,0,0,1.0,0.0,0.0,0,0,0,0.0,0.0,0.0,,no_residual
40,window_118,4681,4720,40,40,0,0,1.0,0.0,0.0,0,0,0,0.0,0.0,0.0,,no_residual
40,window_119,4721,4760,40,40,0,0,1.0,0.0,0.0,0,0,0,0.0,0.0,0.0,,no_residual
40,window_120,4761,4800,40,40,0,0,1.0,0.0,0.0,0,0,0,0.0,0.0,0.0,,no_residual
40,window_121,4801,4840,40,40,0,0,1.0,0.0,0.0,0,0,0,0.0,0.0,0.0,,no_residual
40,window_122,4841,4880,40,40,0,0,1.0,0.0,0.0,0,0,0,0.0,0.0,0.0,,no_residual
40,window_123,4881,4920,40,40,0,0,1.0,0.0,0.0,0,0,0,0.0,0.0,0.0,,no_residual
40,window_124,4921,4960,40,40,0,0,1.0,0.0,0.0,0,0,0,0.0,0.0,0.0,,no_residual
40,window_125,4961,5000,40,40,0,0,1.0,0.0,0.0,0,0,0,0.0,0.0,0.0,,no_residual
50,window_001,1,50,50,50,0,0,1.0,0.0,0.0,0,0,0,0.0,0.0,0.0,,no_residual
50,window_002,51,100,50,50,0,0,1.0,0.0,0.0,0,0,0,0.0,0.0,0.0,,no_residual
50,window_003,101,150,50,50,0,0,1.0,0.0,0.0,0,0,0,0.0,0.0,0.0,,no_residual
50,window_004,151,200,50,50,0,0,1.0,0.0,0.0,0,0,0,0.0,0.0,0.0,,no_residual
50,window_005,201,250,50,50,0,0,1.0,0.0,0.0,0,0,0,0.0,0.0,0.0,,no_residual
50,window_006,251,300,50,50,0,0,1.0,0.0,0.0,0,0,0,0.0,0.0,0.0,,no_residual
50,window_007,301,350,50,50,0,0,1.0,0.0,0.0,0,0,0,0.0,0.0,0.0,,no_residual
50,window_008,351,400,50,50,0,0,1.0,0.0,0.0,0,0,0,0.0,0.0,0.0,,no_residual
50,window_009,401,450,50,50,0,0,1.0,0.0,0.0,0,0,0,0.0,0.0,0.0,,no_residual
50,window_010,451,500,50,50,0,0,1.0,0.0,0.0,0,0,0,0.0,0.0,0.0,,no_residual
50,window_011,501,550,50,50,0,0,1.0,0.0,0.0,0,0,0,0.0,0.0,0.0,,no_residual
50,window_012,551,600,50,50,0,0,1.0,0.0,0.0,0,0,0,0.0,0.0,0.0,,no_residual
50,window_013,601,650,50,50,0,0,1.0,0.0,0.0,0,0,0,0.0,0.0,0.0,,no_residual
50,window_014,651,700,50,50,0,0,1.0,0.0,0.0,0,0,0,0.0,0.0,0.0,,no_residual
50,window_015,701,750,50,50,0,0,1.0,0.0,0.0,0,0,0,0.0,0.0,0.0,,no_residual
50,window_016,751,800,50,50,0,0,1.0,0.0,0.0,0,0,0,0.0,0.0,0.0,,no_residual
50,window_017,801,850,50,50,0,0,1.0,0.0,0.0,0,0,0,0.0,0.0,0.0,,no_residual
50,window_018,851,900,50,50,0,0,1.0,0.0,0.0,0,0,0,0.0,0.0,0.0,,no_residual
50,window_019,901,950,50,50,0,0,1.0,0.0,0.0,0,0,0,0.0,0.0,0.0,,no_residual
50,window_020,951,1000,50,50,0,0,1.0,0.0,0.0,0,0,0,0.0,0.0,0.0,,no_residual
50,window_021,1001,1050,50,50,0,0,1.0,0.0,0.0,0,0,0,0.0,0.0,0.0,,no_residual
50,window_022,1051,1100,50,50,0,0,1.0,0.0,0.0,0,0,0,0.0,0.0,0.0,,no_residual
50,window_023,1101,1150,50,50,0,0,1.0,0.0,0.0,0,0,0,0.0,0.0,0.0,,no_residual
50,window_024,1151,1200,50,50,0,0,1.0,0.0,0.0,0,0,0,0.0,0.0,0.0,,no_residual
50,window_025,1201,1250,50,50,0,0,1.0,0.0,0.0,0,0,0,0.0,0.0,0.0,,no_residual
50,window_026,1251,1300,50,50,0,0,1.0,0.0,0.0,0,0,0,0.0,0.0,0.0,,no_residual
50,window_027,1301,1350,50,50,0,0,1.0,0.0,0.0,0,0,0,0.0,0.0,0.0,,no_residual
50,window_028,1351,1400,50,50,0,0,1.0,0.0,0.0,0,0,0,0.0,0.0,0.0,,no_residual
50,window_029,1401,1450,50,50,0,0,1.0,0.0,0.0,0,0,0,0.0,0.0,0.0,,no_residual
50,window_030,1451,1500,50,50,0,0,1.0,0.0,0.0,0,0,0,0.0,0.0,0.0,,no_residual
50,window_031,1501,1550,50,50,0,0,1.0,0.0,0.0,0,0,0,0.0,0.0,0.0,,no_residual
50,window_032,1551,1600,50,50,0,0,1.0,0.0,0.0,0,0,0,0.0,0.0,0.0,,no_residual
50,window_033,1601,1650,50,50,0,0,1.0,0.0,0.0,0,0,0,0.0,0.0,0.0,,no_residual
50,window_034,1651,1700,50,50,0,0,1.0,0.0,0.0,0,0,0,0.0,0.0,0.0,,no_residual
50,window_035,1701,1750,50,50,0,0,1.0,0.0,0.0,0,0,0,0.0,0.0,0.0,,no_residual
50,window_036,1751,1800,50,50,0,0,1.0,0.0,0.0,0,0,0,0.0,0.0,0.0,,no_residual
50,window_037,1801,1850,50,50,0,0,1.0,0.0,0.0,0,0,0,0.0,0.0,0.0,,no_residual
50,window_038,1851,1900,50,50,0,0,1.0,0.0,0.0,0,0,0,0.0,0.0,0.0,,no_residual
50,window_039,1901,1950,50,50,0,0,1.0,0.0,0.0,0,0,0,0.0,0.0,0.0,,no_residual
50,window_040,1951,2000,50,50,0,0,1.0,0.0,0.0,0,0,0,0.0,0.0,0.0,,no_residual
50,window_041,2001,2050,50,50,0,0,1.0,0.0,0.0,0,0,0,0.0,0.0,0.0,,no_residual
50,window_042,2051,2100,50,50,0,0,1.0,0.0,0.0,0,0,0,0.0,0.0,0.0,,no_residual
50,window_043,2101,2150,50,50,0,0,1.0,0.0,0.0,0,0,0,0.0,0.0,0.0,,no_residual
50,window_044,2151,2200,50,50,0,0,1.0,0.0,0.0,0,0,0,0.0,0.0,0.0,,no_residual
50,window_045,2201,2250,50,50,0,0,1.0,0.0,0.0,0,0,0,0.0,0.0,0.0,,no_residual
50,window_046,2251,2300,50,50,0,0,1.0,0.0,0.0,0,0,0,0.0,0.0,0.0,,no_residual
50,window_047,2301,2350,50,50,0,0,1.0,0.0,0.0,0,0,0,0.0,0.0,0.0,,no_residual
50,window_048,2351,2400,50,50,0,0,1.0,0.0,0.0,0,0,0,0.0,0.0,0.0,,no_residual
50,window_049,2401,2450,50,50,0,0,1.0,0.0,0.0,0,0,0,0.0,0.0,0.0,,no_residual
50,window_050,2451,2500,50,50,0,0,1.0,0.0,0.0,0,0,0,0.0,0.0,0.0,,no_residual
50,window_051,2501,2550,50,50,0,0,1.0,0.0,0.0,0,0,0,0.0,0.0,0.0,,no_residual
50,window_052,2551,2600,50,50,0,0,1.0,0.0,0.0,0,0,0,0.0,0.0,0.0,,no_residual
50,window_053,2601,2650,50,50,0,0,1.0,0.0,0.0,0,0,0,0.0,0.0,0.0,,no_residual
50,window_054,2651,2700,50,50,0,0,1.0,0.0,0.0,0,0,0,0.0,0.0,0.0,,no_residual
50,window_055,2701,2750,50,50,0,0,1.0,0.0,0.0,0,0,0,0.0,0.0,0.0,,no_residual
50,window_056,2751,2800,50,50,0,0,1.0,0.0,0.0,0,0,0,0.0,0.0,0.0,,no_residual
50,window_057,2801,2850,50,50,0,0,1.0,0.0,0.0,0,0,0,0.0,0.0,0.0,,no_residual
50,window_058,2851,2900,50,50,0,0,1.0,0.0,0.0,0,0,0,0.0,0.0,0.0,,no_residual
50,window_059,2901,2950,50,50,0,0,1.0,0.0,0.0,0,0,0,0.0,0.0,0.0,,no_residual
50,window_060,2951,3000,50,50,0,0,1.0,0.0,0.0,0,0,0,0.0,0.0,0.0,,no_residual
50,window_061,3001,3050,50,50,0,0,1.0,0.0,0.0,0,0,0,0.0,0.0,0.0,,no_residual
50,window_062,3051,3100,50,50,0,0,1.0,0.0,0.0,0,0,0,0.0,0.0,0.0,,no_residual
50,window_063,3101,3150,50,50,0,0,1.0,0.0,0.0,0,0,0,0.0,0.0,0.0,,no_residual
50,window_064,3151,3200,50,50,0,0,1.0,0.0,0.0,0,0,0,0.0,0.0,0.0,,no_residual
50,window_065,3201,3250,50,50,0,0,1.0,0.0,0.0,0,0,0,0.0,0.0,0.0,,no_residual
50,window_066,3251,3300,50,50,0,0,1.0,0.0,0.0,0,0,0,0.0,0.0,0.0,,no_residual
50,window_067,3301,3350,50,50,0,0,1.0,0.0,0.0,0,0,0,0.0,0.0,0.0,,no_residual
50,window_068,3351,3400,50,50,0,0,1.0,0.0,0.0,0,0,0,0.0,0.0,0.0,,no_residual
50,window_069,3401,3450,50,50,0,0,1.0,0.0,0.0,0,0,0,0.0,0.0,0.0,,no_residual
50,window_070,3451,3500,50,50,0,0,1.0,0.0,0.0,0,0,0,0.0,0.0,0.0,,no_residual
50,window_071,3501,3550,50,50,0,0,1.0,0.0,0.0,0,0,0,0.0,0.0,0.0,,no_residual
50,window_072,3551,3600,50,50,0,0,1.0,0.0,0.0,0,0,0,0.0,0.0,0.0,,no_residual
50,window_073,3601,3650,50,50,0,0,1.0,0.0,0.0,0,0,0,0.0,0.0,0.0,,no_residual
50,window_074,3651,3700,50,50,0,0,1.0,0.0,0.0,0,0,0,0.0,0.0,0.0,,no_residual
50,window_075,3701,3750,50,50,0,0,1.0,0.0,0.0,0,0,0,0.0,0.0,0.0,,no_residual
50,window_076,3751,3800,50,50,0,0,1.0,0.0,0.0,0,0,0,0.0,0.0,0.0,,no_residual
50,window_077,3801,3850,50,50,0,0,1.0,0.0,0.0,0,0,0,0.0,0.0,0.0,,no_residual
50,window_078,3851,3900,50,50,0,0,1.0,0.0,0.0,0,0,0,0.0,0.0,0.0,,no_residual
50,window_079,3901,3950,50,50,0,0,1.0,0.0,0.0,0,0,0,0.0,0.0,0.0,,no_residual
50,window_080,3951,4000,50,50,0,0,1.0,0.0,0.0,0,0,0,0.0,0.0,0.0,,no_residual
50,window_081,4001,4050,50,50,0,0,1.0,0.0,0.0,0,0,0,0.0,0.0,0.0,,no_residual
50,window_082,4051,4100,50,50,0,0,1.0,0.0,0.0,0,0,0,0.0,0.0,0.0,,no_residual
50,window_083,4101,4150,50,50,0,0,1.0,0.0,0.0,0,0,0,0.0,0.0,0.0,,no_residual
50,window_084,4151,4200,50,50,0,0,1.0,0.0,0.0,0,0,0,0.0,0.0,0.0,,no_residual
50,window_085,4201,4250,50,50,0,0,1.0,0.0,0.0,0,0,0,0.0,0.0,0.0,,no_residual
50,window_086,4251,4300,50,50,0,0,1.0,0.0,0.0,0,0,0,0.0,0.0,0.0,,no_residual
50,window_087,4301,4350,50,50,0,0,1.0,0.0,0.0,0,0,0,0.0,0.0,0.0,,no_residual
50,window_088,4351,4400,50,50,0,0,1.0,0.0,0.0,0,0,0,0.0,0.0,0.0,,no_residual
50,window_089,4401,4450,50,50,0,0,1.0,0.0,0.0,0,0,0,0.0,0.0,0.0,,no_residual
50,window_090,4451,4500,50,50,0,0,1.0,0.0,0.0,0,0,0,0.0,0.0,0.0,,no_residual
50,window_091,4501,4550,50,50,0,0,1.0,0.0,0.0,0,0,0,0.0,0.0,0.0,,no_residual
50,window_092,4551,4600,50,50,0,0,1.0,0.0,0.0,0,0,0,0.0,0.0,0.0,,no_residual
50,window_093,4601,4650,50,50,0,0,1.0,0.0,0.0,0,0,0,0.0,0.0,0.0,,no_residual
50,window_094,4651,4700,50,50,0,0,1.0,0.0,0.0,0,0,0,0.0,0.0,0.0,,no_residual
50,window_095,4701,4750,50,50,0,0,1.0,0.0,0.0,0,0,0,0.0,0.0,0.0,,no_residual
50,window_096,4751,4800,50,50,0,0,1.0,0.0,0.0,0,0,0,0.0,0.0,0.0,,no_residual
50,window_097,4801,4850,50,50,0,0,1.0,0.0,0.0,0,0,0,0.0,0.0,0.0,,no_residual
50,window_098,4851,4900,50,50,0,0,1.0,0.0,0.0,0,0,0,0.0,0.0,0.0,,no_residual
50,window_099,4901,4950,50,50,0,0,1.0,0.0,0.0,0,0,0,0.0,0.0,0.0,,no_residual
50,window_100,4951,5000,50,50,0,0,1.0,0.0,0.0,0,0,0,0.0,0.0,0.0,,no_residual
75,window_001,1,75,75,75,0,0,1.0,0.0,0.0,0,0,0,0.0,0.0,0.0,,no_residual
75,window_002,76,150,75,75,0,0,1.0,0.0,0.0,0,0,0,0.0,0.0,0.0,,no_residual
75,window_003,151,225,75,75,0,0,1.0,0.0,0.0,0,0,0,0.0,0.0,0.0,,no_residual
75,window_004,226,300,75,75,0,0,1.0,0.0,0.0,0,0,0,0.0,0.0,0.0,,no_residual
75,window_005,301,375,75,75,0,0,1.0,0.0,0.0,0,0,0,0.0,0.0,0.0,,no_residual
75,window_006,376,450,75,75,0,0,1.0,0.0,0.0,0,0,0,0.0,0.0,0.0,,no_residual
75,window_007,451,525,75,75,0,0,1.0,0.0,0.0,0,0,0,0.0,0.0,0.0,,no_residual
75,window_008,526,600,75,75,0,0,1.0,0.0,0.0,0,0,0,0.0,0.0,0.0,,no_residual
75,window_009,601,675,75,75,0,0,1.0,0.0,0.0,0,0,0,0.0,0.0,0.0,,no_residual
75,window_010,676,750,75,75,0,0,1.0,0.0,0.0,0,0,0,0.0,0.0,0.0,,no_residual
75,window_011,751,825,75,75,0,0,1.0,0.0,0.0,0,0,0,0.0,0.0,0.0,,no_residual
75,window_012,826,900,75,75,0,0,1.0,0.0,0.0,0,0,0,0.0,0.0,0.0,,no_residual
75,window_013,901,975,75,75,0,0,1.0,0.0,0.0,0,0,0,0.0,0.0,0.0,,no_residual
75,window_014,976,1050,75,75,0,0,1.0,0.0,0.0,0,0,0,0.0,0.0,0.0,,no_residual
75,window_015,1051,1125,75,75,0,0,1.0,0.0,0.0,0,0,0,0.0,0.0,0.0,,no_residual
75,window_016,1126,1200,75,75,0,0,1.0,0.0,0.0,0,0,0,0.0,0.0,0.0,,no_residual
75,window_017,1201,1275,75,75,0,0,1.0,0.0,0.0,0,0,0,0.0,0.0,0.0,,no_residual
75,window_018,1276,1350,75,75,0,0,1.0,0.0,0.0,0,0,0,0.0,0.0,0.0,,no_residual
75,window_019,1351,1425,75,75,0,0,1.0,0.0,0.0,0,0,0,0.0,0.0,0.0,,no_residual
75,window_020,1426,1500,75,75,0,0,1.0,0.0,0.0,0,0,0,0.0,0.0,0.0,,no_residual
75,window_021,1501,1575,75,75,0,0,1.0,0.0,0.0,0,0,0,0.0,0.0,0.0,,no_residual
75,window_022,1576,1650,75,75,0,0,1.0,0.0,0.0,0,0,0,0.0,0.0,0.0,,no_residual
75,window_023,1651,1725,75,75,0,0,1.0,0.0,0.0,0,0,0,0.0,0.0,0.0,,no_residual
75,window_024,1726,1800,75,75,0,0,1.0,0.0,0.0,0,0,0,0.0,0.0,0.0,,no_residual
75,window_025,1801,1875,75,75,0,0,1.0,0.0,0.0,0,0,0,0.0,0.0,0.0,,no_residual
75,window_026,1876,1950,75,75,0,0,1.0,0.0,0.0,0,0,0,0.0,0.0,0.0,,no_residual
75,window_027,1951,2025,75,75,0,0,1.0,0.0,0.0,0,0,0,0.0,0.0,0.0,,no_residual
75,window_028,2026,2100,75,75,0,0,1.0,0.0,0.0,0,0,0,0.0,0.0,0.0,,no_residual
75,window_029,2101,2175,75,75,0,0,1.0,0.0,0.0,0,0,0,0.0,0.0,0.0,,no_residual
75,window_030,2176,2250,75,75,0,0,1.0,0.0,0.0,0,0,0,0.0,0.0,0.0,,no_residual
75,window_031,2251,2325,75,75,0,0,1.0,0.0,0.0,0,0,0,0.0,0.0,0.0,,no_residual
75,window_032,2326,2400,75,75,0,0,1.0,0.0,0.0,0,0,0,0.0,0.0,0.0,,no_residual
75,window_033,2401,2475,75,75,0,0,1.0,0.0,0.0,0,0,0,0.0,0.0,0.0,,no_residual
75,window_034,2476,2550,75,75,0,0,1.0,0.0,0.0,0,0,0,0.0,0.0,0.0,,no_residual
75,window_035,2551,2625,75,75,0,0,1.0,0.0,0.0,0,0,0,0.0,0.0,0.0,,no_residual
75,window_036,2626,2700,75,75,0,0,1.0,0.0,0.0,0,0,0,0.0,0.0,0.0,,no_residual
75,window_037,2701,2775,75,75,0,0,1.0,0.0,0.0,0,0,0,0.0,0.0,0.0,,no_residual
75,window_038,2776,2850,75,75,0,0,1.0,0.0,0.0,0,0,0,0.0,0.0,0.0,,no_residual
75,window_039,2851,2925,75,75,0,0,1.0,0.0,0.0,0,0,0,0.0,0.0,0.0,,no_residual
75,window_040,2926,3000,75,75,0,0,1.0,0.0,0.0,0,0,0,0.0,0.0,0.0,,no_residual
75,window_041,3001,3075,75,75,0,0,1.0,0.0,0.0,0,0,0,0.0,0.0,0.0,,no_residual
75,window_042,3076,3150,75,75,0,0,1.0,0.0,0.0,0,0,0,0.0,0.0,0.0,,no_residual
75,window_043,3151,3225,75,75,0,0,1.0,0.0,0.0,0,0,0,0.0,0.0,0.0,,no_residual
75,window_044,3226,3300,75,75,0,0,1.0,0.0,0.0,0,0,0,0.0,0.0,0.0,,no_residual
75,window_045,3301,3375,75,75,0,0,1.0,0.0,0.0,0,0,0,0.0,0.0,0.0,,no_residual
75,window_046,3376,3450,75,75,0,0,1.0,0.0,0.0,0,0,0,0.0,0.0,0.0,,no_residual
75,window_047,3451,3525,75,75,0,0,1.0,0.0,0.0,0,0,0,0.0,0.0,0.0,,no_residual
75,window_048,3526,3600,75,75,0,0,1.0,0.0,0.0,0,0,0,0.0,0.0,0.0,,no_residual
75,window_049,3601,3675,75,75,0,0,1.0,0.0,0.0,0,0,0,0.0,0.0,0.0,,no_residual
75,window_050,3676,3750,75,75,0,0,1.0,0.0,0.0,0,0,0,0.0,0.0,0.0,,no_residual
75,window_051,3751,3825,75,75,0,0,1.0,0.0,0.0,0,0,0,0.0,0.0,0.0,,no_residual
75,window_052,3826,3900,75,75,0,0,1.0,0.0,0.0,0,0,0,0.0,0.0,0.0,,no_residual
75,window_053,3901,3975,75,75,0,0,1.0,0.0,0.0,0,0,0,0.0,0.0,0.0,,no_residual
75,window_054,3976,4050,75,75,0,0,1.0,0.0,0.0,0,0,0,0.0,0.0,0.0,,no_residual
75,window_055,4051,4125,75,75,0,0,1.0,0.0,0.0,0,0,0,0.0,0.0,0.0,,no_residual
75,window_056,4126,4200,75,75,0,0,1.0,0.0,0.0,0,0,0,0.0,0.0,0.0,,no_residual
75,window_057,4201,4275,75,75,0,0,1.0,0.0,0.0,0,0,0,0.0,0.0,0.0,,no_residual
75,window_058,4276,4350,75,75,0,0,1.0,0.0,0.0,0,0,0,0.0,0.0,0.0,,no_residual
75,window_059,4351,4425,75,75,0,0,1.0,0.0,0.0,0,0,0,0.0,0.0,0.0,,no_residual
75,window_060,4426,4500,75,75,0,0,1.0,0.0,0.0,0,0,0,0.0,0.0,0.0,,no_residual
75,window_061,4501,4575,75,75,0,0,1.0,0.0,0.0,0,0,0,0.0,0.0,0.0,,no_residual
75,window_062,4576,4650,75,75,0,0,1.0,0.0,0.0,0,0,0,0.0,0.0,0.0,,no_residual
75,window_063,4651,4725,75,75,0,0,1.0,0.0,0.0,0,0,0,0.0,0.0,0.0,,no_residual
75,window_064,4726,4800,75,75,0,0,1.0,0.0,0.0,0,0,0,0.0,0.0,0.0,,no_residual
75,window_065,4801,4875,75,75,0,0,1.0,0.0,0.0,0,0,0,0.0,0.0,0.0,,no_residual
75,window_066,4876,4950,75,75,0,0,1.0,0.0,0.0,0,0,0,0.0,0.0,0.0,,no_residual
75,window_067,4951,5000,50,50,0,0,1.0,0.0,0.0,0,0,0,0.0,0.0,0.0,,no_residual
100,window_001,1,100,100,100,0,0,1.0,0.0,0.0,0,0,0,0.0,0.0,0.0,,no_residual
100,window_002,101,200,100,100,0,0,1.0,0.0,0.0,0,0,0,0.0,0.0,0.0,,no_residual
100,window_003,201,300,100,100,0,0,1.0,0.0,0.0,0,0,0,0.0,0.0,0.0,,no_residual
100,window_004,301,400,100,100,0,0,1.0,0.0,0.0,0,0,0,0.0,0.0,0.0,,no_residual
100,window_005,401,500,100,100,0,0,1.0,0.0,0.0,0,0,0,0.0,0.0,0.0,,no_residual
100,window_006,501,600,100,100,0,0,1.0,0.0,0.0,0,0,0,0.0,0.0,0.0,,no_residual
100,window_007,601,700,100,100,0,0,1.0,0.0,0.0,0,0,0,0.0,0.0,0.0,,no_residual
100,window_008,701,800,100,100,0,0,1.0,0.0,0.0,0,0,0,0.0,0.0,0.0,,no_residual
100,window_009,801,900,100,100,0,0,1.0,0.0,0.0,0,0,0,0.0,0.0,0.0,,no_residual
100,window_010,901,1000,100,100,0,0,1.0,0.0,0.0,0,0,0,0.0,0.0,0.0,,no_residual
100,window_011,1001,1100,100,100,0,0,1.0,0.0,0.0,0,0,0,0.0,0.0,0.0,,no_residual
100,window_012,1101,1200,100,100,0,0,1.0,0.0,0.0,0,0,0,0.0,0.0,0.0,,no_residual
100,window_013,1201,1300,100,100,0,0,1.0,0.0,0.0,0,0,0,0.0,0.0,0.0,,no_residual
100,window_014,1301,1400,100,100,0,0,1.0,0.0,0.0,0,0,0,0.0,0.0,0.0,,no_residual
100,window_015,1401,1500,100,100,0,0,1.0,0.0,0.0,0,0,0,0.0,0.0,0.0,,no_residual
100,window_016,1501,1600,100,100,0,0,1.0,0.0,0.0,0,0,0,0.0,0.0,0.0,,no_residual
100,window_017,1601,1700,100,100,0,0,1.0,0.0,0.0,0,0,0,0.0,0.0,0.0,,no_residual
100,window_018,1701,1800,100,100,0,0,1.0,0.0,0.0,0,0,0,0.0,0.0,0.0,,no_residual
100,window_019,1801,1900,100,100,0,0,1.0,0.0,0.0,0,0,0,0.0,0.0,0.0,,no_residual
100,window_020,1901,2000,100,100,0,0,1.0,0.0,0.0,0,0,0,0.0,0.0,0.0,,no_residual
100,window_021,2001,2100,100,100,0,0,1.0,0.0,0.0,0,0,0,0.0,0.0,0.0,,no_residual
100,window_022,2101,2200,100,100,0,0,1.0,0.0,0.0,0,0,0,0.0,0.0,0.0,,no_residual
100,window_023,2201,2300,100,100,0,0,1.0,0.0,0.0,0,0,0,0.0,0.0,0.0,,no_residual
100,window_024,2301,2400,100,100,0,0,1.0,0.0,0.0,0,0,0,0.0,0.0,0.0,,no_residual
100,window_025,2401,2500,100,100,0,0,1.0,0.0,0.0,0,0,0,0.0,0.0,0.0,,no_residual
100,window_026,2501,2600,100,100,0,0,1.0,0.0,0.0,0,0,0,0.0,0.0,0.0,,no_residual
100,window_027,2601,2700,100,100,0,0,1.0,0.0,0.0,0,0,0,0.0,0.0,0.0,,no_residual
100,window_028,2701,2800,100,100,0,0,1.0,0.0,0.0,0,0,0,0.0,0.0,0.0,,no_residual
100,window_029,2801,2900,100,100,0,0,1.0,0.0,0.0,0,0,0,0.0,0.0,0.0,,no_residual
100,window_030,2901,3000,100,100,0,0,1.0,0.0,0.0,0,0,0,0.0,0.0,0.0,,no_residual
100,window_031,3001,3100,100,100,0,0,1.0,0.0,0.0,0,0,0,0.0,0.0,0.0,,no_residual
100,window_032,3101,3200,100,100,0,0,1.0,0.0,0.0,0,0,0,0.0,0.0,0.0,,no_residual
100,window_033,3201,3300,100,100,0,0,1.0,0.0,0.0,0,0,0,0.0,0.0,0.0,,no_residual
100,window_034,3301,3400,100,100,0,0,1.0,0.0,0.0,0,0,0,0.0,0.0,0.0,,no_residual
100,window_035,3401,3500,100,100,0,0,1.0,0.0,0.0,0,0,0,0.0,0.0,0.0,,no_residual
100,window_036,3501,3600,100,100,0,0,1.0,0.0,0.0,0,0,0,0.0,0.0,0.0,,no_residual
100,window_037,3601,3700,100,100,0,0,1.0,0.0,0.0,0,0,0,0.0,0.0,0.0,,no_residual
100,window_038,3701,3800,100,100,0,0,1.0,0.0,0.0,0,0,0,0.0,0.0,0.0,,no_residual
100,window_039,3801,3900,100,100,0,0,1.0,0.0,0.0,0,0,0,0.0,0.0,0.0,,no_residual
100,window_040,3901,4000,100,100,0,0,1.0,0.0,0.0,0,0,0,0.0,0.0,0.0,,no_residual
100,window_041,4001,4100,100,100,0,0,1.0,0.0,0.0,0,0,0,0.0,0.0,0.0,,no_residual
100,window_042,4101,4200,100,100,0,0,1.0,0.0,0.0,0,0,0,0.0,0.0,0.0,,no_residual
100,window_043,4201,4300,100,100,0,0,1.0,0.0,0.0,0,0,0,0.0,0.0,0.0,,no_residual
100,window_044,4301,4400,100,100,0,0,1.0,0.0,0.0,0,0,0,0.0,0.0,0.0,,no_residual
100,window_045,4401,4500,100,100,0,0,1.0,0.0,0.0,0,0,0,0.0,0.0,0.0,,no_residual
100,window_046,4501,4600,100,100,0,0,1.0,0.0,0.0,0,0,0,0.0,0.0,0.0,,no_residual
100,window_047,4601,4700,100,100,0,0,1.0,0.0,0.0,0,0,0,0.0,0.0,0.0,,no_residual
100,window_048,4701,4800,100,100,0,0,1.0,0.0,0.0,0,0,0,0.0,0.0,0.0,,no_residual
100,window_049,4801,4900,100,100,0,0,1.0,0.0,0.0,0,0,0,0.0,0.0,0.0,,no_residual
100,window_050,4901,5000,100,100,0,0,1.0,0.0,0.0,0,0,0,0.0,0.0,0.0,,no_residual
125,window_001,1,125,125,125,0,0,1.0,0.0,0.0,0,0,0,0.0,0.0,0.0,,no_residual
125,window_002,126,250,125,125,0,0,1.0,0.0,0.0,0,0,0,0.0,0.0,0.0,,no_residual
125,window_003,251,375,125,125,0,0,1.0,0.0,0.0,0,0,0,0.0,0.0,0.0,,no_residual
125,window_004,376,500,125,125,0,0,1.0,0.0,0.0,0,0,0,0.0,0.0,0.0,,no_residual
125,window_005,501,625,125,125,0,0,1.0,0.0,0.0,0,0,0,0.0,0.0,0.0,,no_residual
125,window_006,626,750,125,125,0,0,1.0,0.0,0.0,0,0,0,0.0,0.0,0.0,,no_residual
125,window_007,751,875,125,125,0,0,1.0,0.0,0.0,0,0,0,0.0,0.0,0.0,,no_residual
125,window_008,876,1000,125,125,0,0,1.0,0.0,0.0,0,0,0,0.0,0.0,0.0,,no_residual
125,window_009,1001,1125,125,125,0,0,1.0,0.0,0.0,0,0,0,0.0,0.0,0.0,,no_residual
125,window_010,1126,1250,125,125,0,0,1.0,0.0,0.0,0,0,0,0.0,0.0,0.0,,no_residual
125,window_011,1251,1375,125,125,0,0,1.0,0.0,0.0,0,0,0,0.0,0.0,0.0,,no_residual
125,window_012,1376,1500,125,125,0,0,1.0,0.0,0.0,0,0,0,0.0,0.0,0.0,,no_residual
125,window_013,1501,1625,125,125,0,0,1.0,0.0,0.0,0,0,0,0.0,0.0,0.0,,no_residual
125,window_014,1626,1750,125,125,0,0,1.0,0.0,0.0,0,0,0,0.0,0.0,0.0,,no_residual
125,window_015,1751,1875,125,125,0,0,1.0,0.0,0.0,0,0,0,0.0,0.0,0.0,,no_residual
125,window_016,1876,2000,125,125,0,0,1.0,0.0,0.0,0,0,0,0.0,0.0,0.0,,no_residual
125,window_017,2001,2125,125,125,0,0,1.0,0.0,0.0,0,0,0,0.0,0.0,0.0,,no_residual
125,window_018,2126,2250,125,125,0,0,1.0,0.0,0.0,0,0,0,0.0,0.0,0.0,,no_residual
125,window_019,2251,2375,125,125,0,0,1.0,0.0,0.0,0,0,0,0.0,0.0,0.0,,no_residual
125,window_020,2376,2500,125,125,0,0,1.0,0.0,0.0,0,0,0,0.0,0.0,0.0,,no_residual
125,window_021,2501,2625,125,125,0,0,1.0,0.0,0.0,0,0,0,0.0,0.0,0.0,,no_residual
125,window_022,2626,2750,125,125,0,0,1.0,0.0,0.0,0,0,0,0.0,0.0,0.0,,no_residual
125,window_023,2751,2875,125,125,0,0,1.0,0.0,0.0,0,0,0,0.0,0.0,0.0,,no_residual
125,window_024,2876,3000,125,125,0,0,1.0,0.0,0.0,0,0,0,0.0,0.0,0.0,,no_residual
125,window_025,3001,3125,125,125,0,0,1.0,0.0,0.0,0,0,0,0.0,0.0,0.0,,no_residual
125,window_026,3126,3250,125,125,0,0,1.0,0.0,0.0,0,0,0,0.0,0.0,0.0,,no_residual
125,window_027,3251,3375,125,125,0,0,1.0,0.0,0.0,0,0,0,0.0,0.0,0.0,,no_residual
125,window_028,3376,3500,125,125,0,0,1.0,0.0,0.0,0,0,0,0.0,0.0,0.0,,no_residual
125,window_029,3501,3625,125,125,0,0,1.0,0.0,0.0,0,0,0,0.0,0.0,0.0,,no_residual
125,window_030,3626,3750,125,125,0,0,1.0,0.0,0.0,0,0,0,0.0,0.0,0.0,,no_residual
125,window_031,3751,3875,125,125,0,0,1.0,0.0,0.0,0,0,0,0.0,0.0,0.0,,no_residual
125,window_032,3876,4000,125,125,0,0,1.0,0.0,0.0,0,0,0,0.0,0.0,0.0,,no_residual
125,window_033,4001,4125,125,125,0,0,1.0,0.0,0.0,0,0,0,0.0,0.0,0.0,,no_residual
125,window_034,4126,4250,125,125,0,0,1.0,0.0,0.0,0,0,0,0.0,0.0,0.0,,no_residual
125,window_035,4251,4375,125,125,0,0,1.0,0.0,0.0,0,0,0,0.0,0.0,0.0,,no_residual
125,window_036,4376,4500,125,125,0,0,1.0,0.0,0.0,0,0,0,0.0,0.0,0.0,,no_residual
125,window_037,4501,4625,125,125,0,0,1.0,0.0,0.0,0,0,0,0.0,0.0,0.0,,no_residual
125,window_038,4626,4750,125,125,0,0,1.0,0.0,0.0,0,0,0,0.0,0.0,0.0,,no_residual
125,window_039,4751,4875,125,125,0,0,1.0,0.0,0.0,0,0,0,0.0,0.0,0.0,,no_residual
125,window_040,4876,5000,125,125,0,0,1.0,0.0,0.0,0,0,0,0.0,0.0,0.0,,no_residual
150,window_001,1,150,150,150,0,0,1.0,0.0,0.0,0,0,0,0.0,0.0,0.0,,no_residual
150,window_002,151,300,150,150,0,0,1.0,0.0,0.0,0,0,0,0.0,0.0,0.0,,no_residual
150,window_003,301,450,150,150,0,0,1.0,0.0,0.0,0,0,0,0.0,0.0,0.0,,no_residual
150,window_004,451,600,150,150,0,0,1.0,0.0,0.0,0,0,0,0.0,0.0,0.0,,no_residual
150,window_005,601,750,150,150,0,0,1.0,0.0,0.0,0,0,0,0.0,0.0,0.0,,no_residual
150,window_006,751,900,150,150,0,0,1.0,0.0,0.0,0,0,0,0.0,0.0,0.0,,no_residual
150,window_007,901,1050,150,150,0,0,1.0,0.0,0.0,0,0,0,0.0,0.0,0.0,,no_residual
150,window_008,1051,1200,150,150,0,0,1.0,0.0,0.0,0,0,0,0.0,0.0,0.0,,no_residual
150,window_009,1201,1350,150,150,0,0,1.0,0.0,0.0,0,0,0,0.0,0.0,0.0,,no_residual
150,window_010,1351,1500,150,150,0,0,1.0,0.0,0.0,0,0,0,0.0,0.0,0.0,,no_residual
150,window_011,1501,1650,150,150,0,0,1.0,0.0,0.0,0,0,0,0.0,0.0,0.0,,no_residual
150,window_012,1651,1800,150,150,0,0,1.0,0.0,0.0,0,0,0,0.0,0.0,0.0,,no_residual
150,window_013,1801,1950,150,150,0,0,1.0,0.0,0.0,0,0,0,0.0,0.0,0.0,,no_residual
150,window_014,1951,2100,150,150,0,0,1.0,0.0,0.0,0,0,0,0.0,0.0,0.0,,no_residual
150,window_015,2101,2250,150,150,0,0,1.0,0.0,0.0,0,0,0,0.0,0.0,0.0,,no_residual
150,window_016,2251,2400,150,150,0,0,1.0,0.0,0.0,0,0,0,0.0,0.0,0.0,,no_residual
150,window_017,2401,2550,150,150,0,0,1.0,0.0,0.0,0,0,0,0.0,0.0,0.0,,no_residual
150,window_018,2551,2700,150,150,0,0,1.0,0.0,0.0,0,0,0,0.0,0.0,0.0,,no_residual
150,window_019,2701,2850,150,150,0,0,1.0,0.0,0.0,0,0,0,0.0,0.0,0.0,,no_residual
150,window_020,2851,3000,150,150,0,0,1.0,0.0,0.0,0,0,0,0.0,0.0,0.0,,no_residual
150,window_021,3001,3150,150,150,0,0,1.0,0.0,0.0,0,0,0,0.0,0.0,0.0,,no_residual
150,window_022,3151,3300,150,150,0,0,1.0,0.0,0.0,0,0,0,0.0,0.0,0.0,,no_residual
150,window_023,3301,3450,150,150,0,0,1.0,0.0,0.0,0,0,0,0.0,0.0,0.0,,no_residual
150,window_024,3451,3600,150,150,0,0,1.0,0.0,0.0,0,0,0,0.0,0.0,0.0,,no_residual
150,window_025,3601,3750,150,150,0,0,1.0,0.0,0.0,0,0,0,0.0,0.0,0.0,,no_residual
150,window_026,3751,3900,150,150,0,0,1.0,0.0,0.0,0,0,0,0.0,0.0,0.0,,no_residual
150,window_027,3901,4050,150,150,0,0,1.0,0.0,0.0,0,0,0,0.0,0.0,0.0,,no_residual
150,window_028,4051,4200,150,150,0,0,1.0,0.0,0.0,0,0,0,0.0,0.0,0.0,,no_residual
150,window_029,4201,4350,150,150,0,0,1.0,0.0,0.0,0,0,0,0.0,0.0,0.0,,no_residual
150,window_030,4351,4500,150,150,0,0,1.0,0.0,0.0,0,0,0,0.0,0.0,0.0,,no_residual
150,window_031,4501,4650,150,150,0,0,1.0,0.0,0.0,0,0,0,0.0,0.0,0.0,,no_residual
150,window_032,4651,4800,150,150,0,0,1.0,0.0,0.0,0,0,0,0.0,0.0,0.0,,no_residual
150,window_033,4801,4950,150,150,0,0,1.0,0.0,0.0,0,0,0,0.0,0.0,0.0,,no_residual
150,window_034,4951,5000,50,50,0,0,1.0,0.0,0.0,0,0,0,0.0,0.0,0.0,,no_residual
175,window_001,1,175,175,175,0,0,1.0,0.0,0.0,0,0,0,0.0,0.0,0.0,,no_residual
175,window_002,176,350,175,175,0,0,1.0,0.0,0.0,0,0,0,0.0,0.0,0.0,,no_residual
175,window_003,351,525,175,175,0,0,1.0,0.0,0.0,0,0,0,0.0,0.0,0.0,,no_residual
175,window_004,526,700,175,175,0,0,1.0,0.0,0.0,0,0,0,0.0,0.0,0.0,,no_residual
175,window_005,701,875,175,175,0,0,1.0,0.0,0.0,0,0,0,0.0,0.0,0.0,,no_residual
175,window_006,876,1050,175,175,0,0,1.0,0.0,0.0,0,0,0,0.0,0.0,0.0,,no_residual
175,window_007,1051,1225,175,175,0,0,1.0,0.0,0.0,0,0,0,0.0,0.0,0.0,,no_residual
175,window_008,1226,1400,175,175,0,0,1.0,0.0,0.0,0,0,0,0.0,0.0,0.0,,no_residual
175,window_009,1401,1575,175,175,0,0,1.0,0.0,0.0,0,0,0,0.0,0.0,0.0,,no_residual
175,window_010,1576,1750,175,175,0,0,1.0,0.0,0.0,0,0,0,0.0,0.0,0.0,,no_residual
175,window_011,1751,1925,175,175,0,0,1.0,0.0,0.0,0,0,0,0.0,0.0,0.0,,no_residual
175,window_012,1926,2100,175,175,0,0,1.0,0.0,0.0,0,0,0,0.0,0.0,0.0,,no_residual
175,window_013,2101,2275,175,175,0,0,1.0,0.0,0.0,0,0,0,0.0,0.0,0.0,,no_residual
175,window_014,2276,2450,175,175,0,0,1.0,0.0,0.0,0,0,0,0.0,0.0,0.0,,no_residual
175,window_015,2451,2625,175,175,0,0,1.0,0.0,0.0,0,0,0,0.0,0.0,0.0,,no_residual
175,window_016,2626,2800,175,175,0,0,1.0,0.0,0.0,0,0,0,0.0,0.0,0.0,,no_residual
175,window_017,2801,2975,175,175,0,0,1.0,0.0,0.0,0,0,0,0.0,0.0,0.0,,no_residual
175,window_018,2976,3150,175,175,0,0,1.0,0.0,0.0,0,0,0,0.0,0.0,0.0,,no_residual
175,window_019,3151,3325,175,175,0,0,1.0,0.0,0.0,0,0,0,0.0,0.0,0.0,,no_residual
175,window_020,3326,3500,175,175,0,0,1.0,0.0,0.0,0,0,0,0.0,0.0,0.0,,no_residual
175,window_021,3501,3675,175,175,0,0,1.0,0.0,0.0,0,0,0,0.0,0.0,0.0,,no_residual
175,window_022,3676,3850,175,175,0,0,1.0,0.0,0.0,0,0,0,0.0,0.0,0.0,,no_residual
175,window_023,3851,4025,175,175,0,0,1.0,0.0,0.0,0,0,0,0.0,0.0,0.0,,no_residual
175,window_024,4026,4200,175,175,0,0,1.0,0.0,0.0,0,0,0,0.0,0.0,0.0,,no_residual
175,window_025,4201,4375,175,175,0,0,1.0,0.0,0.0,0,0,0,0.0,0.0,0.0,,no_residual
175,window_026,4376,4550,175,175,0,0,1.0,0.0,0.0,0,0,0,0.0,0.0,0.0,,no_residual
175,window_027,4551,4725,175,175,0,0,1.0,0.0,0.0,0,0,0,0.0,0.0,0.0,,no_residual
175,window_028,4726,4900,175,175,0,0,1.0,0.0,0.0,0,0,0,0.0,0.0,0.0,,no_residual
175,window_029,4901,5000,100,100,0,0,1.0,0.0,0.0,0,0,0,0.0,0.0,0.0,,no_residual
200,window_001,1,200,200,200,0,0,1.0,0.0,0.0,0,0,0,0.0,0.0,0.0,,no_residual
200,window_002,201,400,200,200,0,0,1.0,0.0,0.0,0,0,0,0.0,0.0,0.0,,no_residual
200,window_003,401,600,200,200,0,0,1.0,0.0,0.0,0,0,0,0.0,0.0,0.0,,no_residual
200,window_004,601,800,200,200,0,0,1.0,0.0,0.0,0,0,0,0.0,0.0,0.0,,no_residual
200,window_005,801,1000,200,200,0,0,1.0,0.0,0.0,0,0,0,0.0,0.0,0.0,,no_residual
200,window_006,1001,1200,200,200,0,0,1.0,0.0,0.0,0,0,0,0.0,0.0,0.0,,no_residual
200,window_007,1201,1400,200,200,0,0,1.0,0.0,0.0,0,0,0,0.0,0.0,0.0,,no_residual
200,window_008,1401,1600,200,200,0,0,1.0,0.0,0.0,0,0,0,0.0,0.0,0.0,,no_residual
200,window_009,1601,1800,200,200,0,0,1.0,0.0,0.0,0,0,0,0.0,0.0,0.0,,no_residual
200,window_010,1801,2000,200,200,0,0,1.0,0.0,0.0,0,0,0,0.0,0.0,0.0,,no_residual
200,window_011,2001,2200,200,200,0,0,1.0,0.0,0.0,0,0,0,0.0,0.0,0.0,,no_residual
200,window_012,2201,2400,200,200,0,0,1.0,0.0,0.0,0,0,0,0.0,0.0,0.0,,no_residual
200,window_013,2401,2600,200,200,0,0,1.0,0.0,0.0,0,0,0,0.0,0.0,0.0,,no_residual
200,window_014,2601,2800,200,200,0,0,1.0,0.0,0.0,0,0,0,0.0,0.0,0.0,,no_residual
200,window_015,2801,3000,200,200,0,0,1.0,0.0,0.0,0,0,0,0.0,0.0,0.0,,no_residual
200,window_016,3001,3200,200,200,0,0,1.0,0.0,0.0,0,0,0,0.0,0.0,0.0,,no_residual
200,window_017,3201,3400,200,200,0,0,1.0,0.0,0.0,0,0,0,0.0,0.0,0.0,,no_residual
200,window_018,3401,3600,200,200,0,0,1.0,0.0,0.0,0,0,0,0.0,0.0,0.0,,no_residual
200,window_019,3601,3800,200,200,0,0,1.0,0.0,0.0,0,0,0,0.0,0.0,0.0,,no_residual
200,window_020,3801,4000,200,200,0,0,1.0,0.0,0.0,0,0,0,0.0,0.0,0.0,,no_residual
200,window_021,4001,4200,200,200,0,0,1.0,0.0,0.0,0,0,0,0.0,0.0,0.0,,no_residual
200,window_022,4201,4400,200,200,0,0,1.0,0.0,0.0,0,0,0,0.0,0.0,0.0,,no_residual
200,window_023,4401,4600,200,200,0,0,1.0,0.0,0.0,0,0,0,0.0,0.0,0.0,,no_residual
200,window_024,4601,4800,200,200,0,0,1.0,0.0,0.0,0,0,0,0.0,0.0,0.0,,no_residual
200,window_025,4801,5000,200,200,0,0,1.0,0.0,0.0,0,0,0,0.0,0.0,0.0,,no_residual
250,window_001,1,250,250,250,0,0,1.0,0.0,0.0,0,0,0,0.0,0.0,0.0,,no_residual
250,window_002,251,500,250,250,0,0,1.0,0.0,0.0,0,0,0,0.0,0.0,0.0,,no_residual
250,window_003,501,750,250,250,0,0,1.0,0.0,0.0,0,0,0,0.0,0.0,0.0,,no_residual
250,window_004,751,1000,250,250,0,0,1.0,0.0,0.0,0,0,0,0.0,0.0,0.0,,no_residual
250,window_005,1001,1250,250,250,0,0,1.0,0.0,0.0,0,0,0,0.0,0.0,0.0,,no_residual
250,window_006,1251,1500,250,250,0,0,1.0,0.0,0.0,0,0,0,0.0,0.0,0.0,,no_residual
250,window_007,1501,1750,250,250,0,0,1.0,0.0,0.0,0,0,0,0.0,0.0,0.0,,no_residual
250,window_008,1751,2000,250,250,0,0,1.0,0.0,0.0,0,0,0,0.0,0.0,0.0,,no_residual
250,window_009,2001,2250,250,250,0,0,1.0,0.0,0.0,0,0,0,0.0,0.0,0.0,,no_residual
250,window_010,2251,2500,250,250,0,0,1.0,0.0,0.0,0,0,0,0.0,0.0,0.0,,no_residual
250,window_011,2501,2750,250,250,0,0,1.0,0.0,0.0,0,0,0,0.0,0.0,0.0,,no_residual
250,window_012,2751,3000,250,250,0,0,1.0,0.0,0.0,0,0,0,0.0,0.0,0.0,,no_residual
250,window_013,3001,3250,250,250,0,0,1.0,0.0,0.0,0,0,0,0.0,0.0,0.0,,no_residual
250,window_014,3251,3500,250,250,0,0,1.0,0.0,0.0,0,0,0,0.0,0.0,0.0,,no_residual
250,window_015,3501,3750,250,250,0,0,1.0,0.0,0.0,0,0,0,0.0,0.0,0.0,,no_residual
250,window_016,3751,4000,250,250,0,0,1.0,0.0,0.0,0,0,0,0.0,0.0,0.0,,no_residual
250,window_017,4001,4250,250,250,0,0,1.0,0.0,0.0,0,0,0,0.0,0.0,0.0,,no_residual
250,window_018,4251,4500,250,250,0,0,1.0,0.0,0.0,0,0,0,0.0,0.0,0.0,,no_residual
250,window_019,4501,4750,250,250,0,0,1.0,0.0,0.0,0,0,0,0.0,0.0,0.0,,no_residual
250,window_020,4751,5000,250,250,0,0,1.0,0.0,0.0,0,0,0,0.0,0.0,0.0,,no_residual
300,window_001,1,300,300,300,0,0,1.0,0.0,0.0,0,0,0,0.0,0.0,0.0,,no_residual
300,window_002,301,600,300,300,0,0,1.0,0.0,0.0,0,0,0,0.0,0.0,0.0,,no_residual
300,window_003,601,900,300,300,0,0,1.0,0.0,0.0,0,0,0,0.0,0.0,0.0,,no_residual
300,window_004,901,1200,300,300,0,0,1.0,0.0,0.0,0,0,0,0.0,0.0,0.0,,no_residual
300,window_005,1201,1500,300,300,0,0,1.0,0.0,0.0,0,0,0,0.0,0.0,0.0,,no_residual
300,window_006,1501,1800,300,300,0,0,1.0,0.0,0.0,0,0,0,0.0,0.0,0.0,,no_residual
300,window_007,1801,2100,300,300,0,0,1.0,0.0,0.0,0,0,0,0.0,0.0,0.0,,no_residual
300,window_008,2101,2400,300,300,0,0,1.0,0.0,0.0,0,0,0,0.0,0.0,0.0,,no_residual
300,window_009,2401,2700,300,300,0,0,1.0,0.0,0.0,0,0,0,0.0,0.0,0.0,,no_residual
300,window_010,2701,3000,300,300,0,0,1.0,0.0,0.0,0,0,0,0.0,0.0,0.0,,no_residual
300,window_011,3001,3300,300,300,0,0,1.0,0.0,0.0,0,0,0,0.0,0.0,0.0,,no_residual
300,window_012,3301,3600,300,300,0,0,1.0,0.0,0.0,0,0,0,0.0,0.0,0.0,,no_residual
300,window_013,3601,3900,300,300,0,0,1.0,0.0,0.0,0,0,0,0.0,0.0,0.0,,no_residual
300,window_014,3901,4200,300,300,0,0,1.0,0.0,0.0,0,0,0,0.0,0.0,0.0,,no_residual
300,window_015,4201,4500,300,300,0,0,1.0,0.0,0.0,0,0,0,0.0,0.0,0.0,,no_residual
300,window_016,4501,4800,300,300,0,0,1.0,0.0,0.0,0,0,0,0.0,0.0,0.0,,no_residual
300,window_017,4801,5000,200,200,0,0,1.0,0.0,0.0,0,0,0,0.0,0.0,0.0,,no_residual
400,window_001,1,400,400,400,0,0,1.0,0.0,0.0,0,0,0,0.0,0.0,0.0,,no_residual
400,window_002,401,800,400,400,0,0,1.0,0.0,0.0,0,0,0,0.0,0.0,0.0,,no_residual
400,window_003,801,1200,400,400,0,0,1.0,0.0,0.0,0,0,0,0.0,0.0,0.0,,no_residual
400,window_004,1201,1600,400,400,0,0,1.0,0.0,0.0,0,0,0,0.0,0.0,0.0,,no_residual
400,window_005,1601,2000,400,400,0,0,1.0,0.0,0.0,0,0,0,0.0,0.0,0.0,,no_residual
400,window_006,2001,2400,400,400,0,0,1.0,0.0,0.0,0,0,0,0.0,0.0,0.0,,no_residual
400,window_007,2401,2800,400,400,0,0,1.0,0.0,0.0,0,0,0,0.0,0.0,0.0,,no_residual
400,window_008,2801,3200,400,400,0,0,1.0,0.0,0.0,0,0,0,0.0,0.0,0.0,,no_residual
400,window_009,3201,3600,400,400,0,0,1.0,0.0,0.0,0,0,0,0.0,0.0,0.0,,no_residual
400,window_010,3601,4000,400,400,0,0,1.0,0.0,0.0,0,0,0,0.0,0.0,0.0,,no_residual
400,window_011,4001,4400,400,400,0,0,1.0,0.0,0.0,0,0,0,0.0,0.0,0.0,,no_residual
400,window_012,4401,4800,400,400,0,0,1.0,0.0,0.0,0,0,0,0.0,0.0,0.0,,no_residual
400,window_013,4801,5000,200,200,0,0,1.0,0.0,0.0,0,0,0,0.0,0.0,0.0,,no_residual
500,window_001,1,500,500,500,0,0,1.0,0.0,0.0,0,0,0,0.0,0.0,0.0,,no_residual
500,window_002,501,1000,500,500,0,0,1.0,0.0,0.0,0,0,0,0.0,0.0,0.0,,no_residual
500,window_003,1001,1500,500,500,0,0,1.0,0.0,0.0,0,0,0,0.0,0.0,0.0,,no_residual
500,window_004,1501,2000,500,500,0,0,1.0,0.0,0.0,0,0,0,0.0,0.0,0.0,,no_residual
500,window_005,2001,2500,500,500,0,0,1.0,0.0,0.0,0,0,0,0.0,0.0,0.0,,no_residual
500,window_006,2501,3000,500,500,0,0,1.0,0.0,0.0,0,0,0,0.0,0.0,0.0,,no_residual
500,window_007,3001,3500,500,500,0,0,1.0,0.0,0.0,0,0,0,0.0,0.0,0.0,,no_residual
500,window_008,3501,4000,500,500,0,0,1.0,0.0,0.0,0,0,0,0.0,0.0,0.0,,no_residual
500,window_009,4001,4500,500,500,0,0,1.0,0.0,0.0,0,0,0,0.0,0.0,0.0,,no_residual
500,window_010,4501,5000,500,500,0,0,1.0,0.0,0.0,0,0,0,0.0,0.0,0.0,,no_residual
700,window_001,1,700,700,700,0,0,1.0,0.0,0.0,0,0,0,0.0,0.0,0.0,,no_residual
700,window_002,701,1400,700,700,0,0,1.0,0.0,0.0,0,0,0,0.0,0.0,0.0,,no_residual
700,window_003,1401,2100,700,700,0,0,1.0,0.0,0.0,0,0,0,0.0,0.0,0.0,,no_residual
700,window_004,2101,2800,700,700,0,0,1.0,0.0,0.0,0,0,0,0.0,0.0,0.0,,no_residual
700,window_005,2801,3500,700,700,0,0,1.0,0.0,0.0,0,0,0,0.0,0.0,0.0,,no_residual
700,window_006,3501,4200,700,700,0,0,1.0,0.0,0.0,0,0,0,0.0,0.0,0.0,,no_residual
700,window_007,4201,4900,700,700,0,0,1.0,0.0,0.0,0,0,0,0.0,0.0,0.0,,no_residual
700,window_008,4901,5000,100,100,0,0,1.0,0.0,0.0,0,0,0,0.0,0.0,0.0,,no_residual
1000,window_001,1,1000,1000,1000,0,0,1.0,0.0,0.0,0,0,0,0.0,0.0,0.0,,no_residual
1000,window_002,1001,2000,1000,1000,0,0,1.0,0.0,0.0,0,0,0,0.0,0.0,0.0,,no_residual
1000,window_003,2001,3000,1000,1000,0,0,1.0,0.0,0.0,0,0,0,0.0,0.0,0.0,,no_residual
1000,window_004,3001,4000,1000,1000,0,0,1.0,0.0,0.0,0,0,0,0.0,0.0,0.0,,no_residual
1000,window_005,4001,5000,1000,1000,0,0,1.0,0.0,0.0,0,0,0,0.0,0.0,0.0,,no_residual
1500,window_001,1,1500,1500,1500,0,0,1.0,0.0,0.0,0,0,0,0.0,0.0,0.0,,no_residual
1500,window_002,1501,3000,1500,1500,0,0,1.0,0.0,0.0,0,0,0,0.0,0.0,0.0,,no_residual
1500,window_003,3001,4500,1500,1500,0,0,1.0,0.0,0.0,0,0,0,0.0,0.0,0.0,,no_residual
1500,window_004,4501,5000,500,500,0,0,1.0,0.0,0.0,0,0,0,0.0,0.0,0.0,,no_residual
