terrain_id,candidate_id,bin_size,span_start,span_end,bin_count,active_bin_count,quiet_bin_count,distributed_low_count,localized_deformation_count,dense_deformation_count,dominant_localization_class,candidate_type,boundary_note
openstack_loghub_normal2_001,candidate_0001,500,501,2000,3,3,0,3,0,0,distributed_low,distributed_corridor_candidate,quiet_bins_break_groups
openstack_loghub_normal2_001,candidate_0002,500,2501,4500,4,4,0,4,0,0,distributed_low,distributed_corridor_candidate,quiet_bins_break_groups
openstack_loghub_normal2_001,candidate_0003,500,5501,7000,3,3,0,3,0,0,distributed_low,distributed_corridor_candidate,quiet_bins_break_groups
openstack_loghub_normal2_001,candidate_0004,500,7501,8500,2,2,0,2,0,0,distributed_low,distributed_corridor_candidate,quiet_bins_break_groups
openstack_loghub_normal2_001,candidate_0005,500,9001,9500,1,1,0,1,0,0,distributed_low,distributed_corridor_candidate,quiet_bins_break_groups
openstack_loghub_normal2_001,candidate_0006,500,10001,11500,3,3,0,3,0,0,distributed_low,distributed_corridor_candidate,quiet_bins_break_groups
openstack_loghub_normal2_001,candidate_0007,500,12001,13500,3,3,0,3,0,0,distributed_low,distributed_corridor_candidate,quiet_bins_break_groups
openstack_loghub_normal2_001,candidate_0008,500,14501,16000,3,3,0,3,0,0,distributed_low,distributed_corridor_candidate,quiet_bins_break_groups
openstack_loghub_normal2_001,candidate_0009,500,17001,20000,6,6,0,6,0,0,distributed_low,distributed_corridor_candidate,quiet_bins_break_groups
openstack_loghub_normal2_001,candidate_0010,500,20501,21500,2,2,0,2,0,0,distributed_low,distributed_corridor_candidate,quiet_bins_break_groups
openstack_loghub_normal2_001,candidate_0011,500,22001,22500,1,1,0,1,0,0,distributed_low,distributed_corridor_candidate,quiet_bins_break_groups
openstack_loghub_normal2_001,candidate_0012,500,23001,24500,3,3,0,3,0,0,distributed_low,distributed_corridor_candidate,quiet_bins_break_groups
openstack_loghub_normal2_001,candidate_0013,500,25001,26500,3,3,0,3,0,0,distributed_low,distributed_corridor_candidate,quiet_bins_break_groups
openstack_loghub_normal2_001,candidate_0014,500,27001,27500,1,1,0,1,0,0,distributed_low,distributed_corridor_candidate,quiet_bins_break_groups
openstack_loghub_normal2_001,candidate_0015,500,28001,29000,2,2,0,2,0,0,distributed_low,distributed_corridor_candidate,quiet_bins_break_groups
openstack_loghub_normal2_001,candidate_0016,500,30001,32000,4,4,0,4,0,0,distributed_low,distributed_corridor_candidate,quiet_bins_break_groups
openstack_loghub_normal2_001,candidate_0017,500,32501,35000,5,5,0,5,0,0,distributed_low,distributed_corridor_candidate,quiet_bins_break_groups
openstack_loghub_normal2_001,candidate_0018,500,35501,38000,5,5,0,5,0,0,distributed_low,distributed_corridor_candidate,quiet_bins_break_groups
openstack_loghub_normal2_001,candidate_0019,500,39001,40500,3,3,0,3,0,0,distributed_low,distributed_corridor_candidate,quiet_bins_break_groups
openstack_loghub_normal2_001,candidate_0020,500,41001,42000,2,2,0,2,0,0,distributed_low,distributed_corridor_candidate,quiet_bins_break_groups
openstack_loghub_normal2_001,candidate_0021,500,42501,43000,1,1,0,1,0,0,distributed_low,distributed_corridor_candidate,quiet_bins_break_groups
openstack_loghub_normal2_001,candidate_0022,500,44001,46500,5,5,0,5,0,0,distributed_low,distributed_corridor_candidate,quiet_bins_break_groups
openstack_loghub_normal2_001,candidate_0023,500,48001,49000,2,2,0,2,0,0,distributed_low,distributed_corridor_candidate,quiet_bins_break_groups
openstack_loghub_normal2_001,candidate_0024,500,49501,50500,2,2,0,2,0,0,distributed_low,distributed_corridor_candidate,quiet_bins_break_groups
openstack_loghub_normal2_001,candidate_0025,500,51001,53500,5,5,0,4,1,0,distributed_low,mixed_deformation_candidate,quiet_bins_break_groups
openstack_loghub_normal2_001,candidate_0026,500,54001,56500,5,5,0,5,0,0,distributed_low,distributed_corridor_candidate,quiet_bins_break_groups
openstack_loghub_normal2_001,candidate_0027,500,57001,57500,1,1,0,1,0,0,distributed_low,distributed_corridor_candidate,quiet_bins_break_groups
openstack_loghub_normal2_001,candidate_0028,500,58001,58500,1,1,0,1,0,0,distributed_low,distributed_corridor_candidate,quiet_bins_break_groups
openstack_loghub_normal2_001,candidate_0029,500,59501,60000,1,1,0,1,0,0,distributed_low,distributed_corridor_candidate,quiet_bins_break_groups
openstack_loghub_normal2_001,candidate_0030,500,60501,61000,1,1,0,1,0,0,distributed_low,distributed_corridor_candidate,quiet_bins_break_groups
openstack_loghub_normal2_001,candidate_0031,500,61501,63500,4,4,0,4,0,0,distributed_low,distributed_corridor_candidate,quiet_bins_break_groups
openstack_loghub_normal2_001,candidate_0032,500,65001,66000,2,2,0,2,0,0,distributed_low,distributed_corridor_candidate,quiet_bins_break_groups
openstack_loghub_normal2_001,candidate_0033,500,67501,68500,2,2,0,2,0,0,distributed_low,distributed_corridor_candidate,quiet_bins_break_groups
openstack_loghub_normal2_001,candidate_0034,500,69001,69500,1,1,0,1,0,0,distributed_low,distributed_corridor_candidate,quiet_bins_break_groups
openstack_loghub_normal2_001,candidate_0035,500,71001,74500,7,7,0,7,0,0,distributed_low,distributed_corridor_candidate,quiet_bins_break_groups
openstack_loghub_normal2_001,candidate_0036,500,76001,77000,2,2,0,2,0,0,distributed_low,distributed_corridor_candidate,quiet_bins_break_groups
openstack_loghub_normal2_001,candidate_0037,500,78501,80500,4,4,0,4,0,0,distributed_low,distributed_corridor_candidate,quiet_bins_break_groups
openstack_loghub_normal2_001,candidate_0038,500,81001,82000,2,2,0,2,0,0,distributed_low,distributed_corridor_candidate,quiet_bins_break_groups
openstack_loghub_normal2_001,candidate_0039,500,82501,83500,2,2,0,2,0,0,distributed_low,distributed_corridor_candidate,quiet_bins_break_groups
openstack_loghub_normal2_001,candidate_0040,500,84001,84500,1,1,0,1,0,0,distributed_low,distributed_corridor_candidate,quiet_bins_break_groups
openstack_loghub_normal2_001,candidate_0041,500,85001,85500,1,1,0,1,0,0,distributed_low,distributed_corridor_candidate,quiet_bins_break_groups
openstack_loghub_normal2_001,candidate_0042,500,86001,87000,2,2,0,2,0,0,distributed_low,distributed_corridor_candidate,quiet_bins_break_groups
openstack_loghub_normal2_001,candidate_0043,500,88501,91500,6,6,0,6,0,0,distributed_low,distributed_corridor_candidate,quiet_bins_break_groups
openstack_loghub_normal2_001,candidate_0044,500,92001,92500,1,1,0,1,0,0,distributed_low,distributed_corridor_candidate,quiet_bins_break_groups
openstack_loghub_normal2_001,candidate_0045,500,93501,94000,1,1,0,1,0,0,distributed_low,distributed_corridor_candidate,quiet_bins_break_groups
openstack_loghub_normal2_001,candidate_0046,500,94501,95000,1,1,0,1,0,0,distributed_low,distributed_corridor_candidate,quiet_bins_break_groups
openstack_loghub_normal2_001,candidate_0047,500,95501,96500,2,2,0,2,0,0,distributed_low,distributed_corridor_candidate,quiet_bins_break_groups
openstack_loghub_normal2_001,candidate_0048,500,97001,97500,1,1,0,1,0,0,distributed_low,distributed_corridor_candidate,quiet_bins_break_groups
openstack_loghub_normal2_001,candidate_0049,500,98501,99000,1,1,0,1,0,0,distributed_low,distributed_corridor_candidate,quiet_bins_break_groups
openstack_loghub_normal2_001,candidate_0050,500,99501,100500,2,2,0,2,0,0,distributed_low,distributed_corridor_candidate,quiet_bins_break_groups
openstack_loghub_normal2_001,candidate_0051,500,101501,103000,3,3,0,3,0,0,distributed_low,distributed_corridor_candidate,quiet_bins_break_groups
openstack_loghub_normal2_001,candidate_0052,500,103501,106500,6,6,0,6,0,0,distributed_low,distributed_corridor_candidate,quiet_bins_break_groups
openstack_loghub_normal2_001,candidate_0053,500,107001,107500,1,1,0,1,0,0,distributed_low,distributed_corridor_candidate,quiet_bins_break_groups
openstack_loghub_normal2_001,candidate_0054,500,108501,109500,2,2,0,2,0,0,distributed_low,distributed_corridor_candidate,quiet_bins_break_groups
openstack_loghub_normal2_001,candidate_0055,500,112001,113000,2,2,0,2,0,0,distributed_low,distributed_corridor_candidate,quiet_bins_break_groups
openstack_loghub_normal2_001,candidate_0056,500,114001,114500,1,1,0,1,0,0,distributed_low,distributed_corridor_candidate,quiet_bins_break_groups
openstack_loghub_normal2_001,candidate_0057,500,115001,117500,5,5,0,5,0,0,distributed_low,distributed_corridor_candidate,quiet_bins_break_groups
openstack_loghub_normal2_001,candidate_0058,500,118001,118500,1,1,0,1,0,0,distributed_low,distributed_corridor_candidate,quiet_bins_break_groups
openstack_loghub_normal2_001,candidate_0059,500,120001,120500,1,1,0,1,0,0,distributed_low,distributed_corridor_candidate,quiet_bins_break_groups
openstack_loghub_normal2_001,candidate_0060,500,121501,123500,4,4,0,4,0,0,distributed_low,distributed_corridor_candidate,quiet_bins_break_groups
