terrain,window_size,local_region,line_start,line_end,dominant_posture,continuity_strength,stable_share,middle_share,residual_share,transition_pressure,survival_class,boundary_note
interrupted_replay_001,25,R001,1,1000,stable,1.0,1.0,0.0,0.0,initial,initial,constitution_relative_observer_surface_no_identity_claim
interrupted_replay_001,25,R002,1001,2000,stable,1.0,1.0,0.0,0.0,initial,initial,constitution_relative_observer_surface_no_identity_claim
interrupted_replay_001,25,R003,2001,3000,stable,1.0,1.0,0.0,0.0,initial,initial,constitution_relative_observer_surface_no_identity_claim
interrupted_replay_001,25,R004,3001,4000,stable,1.0,1.0,0.0,0.0,initial,initial,constitution_relative_observer_surface_no_identity_claim
interrupted_replay_001,25,R005,4001,5000,stable,1.0,1.0,0.0,0.0,initial,initial,constitution_relative_observer_surface_no_identity_claim
interrupted_replay_001,25,R006,5001,6000,stable,1.0,1.0,0.0,0.0,initial,initial,constitution_relative_observer_surface_no_identity_claim
interrupted_replay_001,25,R007,6001,7000,stable,1.0,1.0,0.0,0.0,initial,initial,constitution_relative_observer_surface_no_identity_claim
interrupted_replay_001,40,R001,1,1000,stable,1.0,1.0,0.0,0.0,posture_holds,holds,constitution_relative_observer_surface_no_identity_claim
interrupted_replay_001,40,R002,1001,2000,stable,1.0,1.0,0.0,0.0,posture_holds,holds,constitution_relative_observer_surface_no_identity_claim
interrupted_replay_001,40,R003,2001,3000,stable,1.0,1.0,0.0,0.0,posture_holds,holds,constitution_relative_observer_surface_no_identity_claim
interrupted_replay_001,40,R004,3001,4000,stable,1.0,1.0,0.0,0.0,posture_holds,holds,constitution_relative_observer_surface_no_identity_claim
interrupted_replay_001,40,R005,4001,5000,stable,1.0,1.0,0.0,0.0,posture_holds,holds,constitution_relative_observer_surface_no_identity_claim
interrupted_replay_001,40,R006,5001,6000,stable,1.0,1.0,0.0,0.0,posture_holds,holds,constitution_relative_observer_surface_no_identity_claim
interrupted_replay_001,40,R007,6001,7000,stable,1.0,1.0,0.0,0.0,posture_holds,holds,constitution_relative_observer_surface_no_identity_claim
interrupted_replay_001,50,R001,1,1000,stable,1.0,1.0,0.0,0.0,posture_holds,holds,constitution_relative_observer_surface_no_identity_claim
interrupted_replay_001,50,R002,1001,2000,stable,1.0,1.0,0.0,0.0,posture_holds,holds,constitution_relative_observer_surface_no_identity_claim
interrupted_replay_001,50,R003,2001,3000,stable,1.0,1.0,0.0,0.0,posture_holds,holds,constitution_relative_observer_surface_no_identity_claim
interrupted_replay_001,50,R004,3001,4000,stable,1.0,1.0,0.0,0.0,posture_holds,holds,constitution_relative_observer_surface_no_identity_claim
interrupted_replay_001,50,R005,4001,5000,stable,1.0,1.0,0.0,0.0,posture_holds,holds,constitution_relative_observer_surface_no_identity_claim
interrupted_replay_001,50,R006,5001,6000,stable,1.0,1.0,0.0,0.0,posture_holds,holds,constitution_relative_observer_surface_no_identity_claim
interrupted_replay_001,50,R007,6001,7000,stable,1.0,1.0,0.0,0.0,posture_holds,holds,constitution_relative_observer_surface_no_identity_claim
interrupted_replay_001,75,R001,1,975,stable,1.0,1.0,0.0,0.0,posture_holds,holds,constitution_relative_observer_surface_no_identity_claim
interrupted_replay_001,75,R002,976,2025,stable,1.0,1.0,0.0,0.0,posture_holds,holds,constitution_relative_observer_surface_no_identity_claim
interrupted_replay_001,75,R003,2026,3000,stable,1.0,1.0,0.0,0.0,posture_holds,holds,constitution_relative_observer_surface_no_identity_claim
interrupted_replay_001,75,R004,3001,3975,stable,1.0,1.0,0.0,0.0,posture_holds,holds,constitution_relative_observer_surface_no_identity_claim
interrupted_replay_001,75,R005,3976,5025,stable,1.0,1.0,0.0,0.0,posture_holds,holds,constitution_relative_observer_surface_no_identity_claim
interrupted_replay_001,75,R006,5026,6000,stable,1.0,1.0,0.0,0.0,posture_holds,holds,constitution_relative_observer_surface_no_identity_claim
interrupted_replay_001,75,R007,6001,7000,stable,1.0,1.0,0.0,0.0,posture_holds,holds,constitution_relative_observer_surface_no_identity_claim
interrupted_replay_001,100,R001,1,1000,stable,1.0,1.0,0.0,0.0,posture_holds,holds,constitution_relative_observer_surface_no_identity_claim
interrupted_replay_001,100,R002,1001,2000,stable,1.0,1.0,0.0,0.0,posture_holds,holds,constitution_relative_observer_surface_no_identity_claim
interrupted_replay_001,100,R003,2001,3000,stable,1.0,1.0,0.0,0.0,posture_holds,holds,constitution_relative_observer_surface_no_identity_claim
interrupted_replay_001,100,R004,3001,4000,stable,1.0,1.0,0.0,0.0,posture_holds,holds,constitution_relative_observer_surface_no_identity_claim
interrupted_replay_001,100,R005,4001,5000,stable,1.0,1.0,0.0,0.0,posture_holds,holds,constitution_relative_observer_surface_no_identity_claim
interrupted_replay_001,100,R006,5001,6000,stable,1.0,1.0,0.0,0.0,posture_holds,holds,constitution_relative_observer_surface_no_identity_claim
interrupted_replay_001,100,R007,6001,7000,stable,1.0,1.0,0.0,0.0,posture_holds,holds,constitution_relative_observer_surface_no_identity_claim
interrupted_replay_001,125,R001,1,1000,stable,1.0,1.0,0.0,0.0,posture_holds,holds,constitution_relative_observer_surface_no_identity_claim
interrupted_replay_001,125,R002,1001,2000,stable,1.0,1.0,0.0,0.0,posture_holds,holds,constitution_relative_observer_surface_no_identity_claim
interrupted_replay_001,125,R003,2001,3000,stable,1.0,1.0,0.0,0.0,posture_holds,holds,constitution_relative_observer_surface_no_identity_claim
interrupted_replay_001,125,R004,3001,4000,stable,1.0,1.0,0.0,0.0,posture_holds,holds,constitution_relative_observer_surface_no_identity_claim
interrupted_replay_001,125,R005,4001,5000,stable,1.0,1.0,0.0,0.0,posture_holds,holds,constitution_relative_observer_surface_no_identity_claim
interrupted_replay_001,125,R006,5001,6000,stable,1.0,1.0,0.0,0.0,posture_holds,holds,constitution_relative_observer_surface_no_identity_claim
interrupted_replay_001,125,R007,6001,7000,stable,1.0,1.0,0.0,0.0,posture_holds,holds,constitution_relative_observer_surface_no_identity_claim
interrupted_replay_001,150,R001,1,1050,stable,1.0,1.0,0.0,0.0,posture_holds,holds,constitution_relative_observer_surface_no_identity_claim
interrupted_replay_001,150,R002,1051,1950,stable,1.0,1.0,0.0,0.0,posture_holds,holds,constitution_relative_observer_surface_no_identity_claim
interrupted_replay_001,150,R003,1951,3000,stable,1.0,1.0,0.0,0.0,posture_holds,holds,constitution_relative_observer_surface_no_identity_claim
interrupted_replay_001,150,R004,3001,4050,stable,1.0,1.0,0.0,0.0,posture_holds,holds,constitution_relative_observer_surface_no_identity_claim
interrupted_replay_001,150,R005,4051,4950,stable,1.0,1.0,0.0,0.0,posture_holds,holds,constitution_relative_observer_surface_no_identity_claim
interrupted_replay_001,150,R006,4951,6000,stable,1.0,1.0,0.0,0.0,posture_holds,holds,constitution_relative_observer_surface_no_identity_claim
interrupted_replay_001,150,R007,6001,7000,stable,1.0,1.0,0.0,0.0,posture_holds,holds,constitution_relative_observer_surface_no_identity_claim
interrupted_replay_001,175,R001,1,1050,stable,1.0,1.0,0.0,0.0,posture_holds,holds,constitution_relative_observer_surface_no_identity_claim
interrupted_replay_001,175,R002,1051,1925,stable,1.0,1.0,0.0,0.0,posture_holds,holds,constitution_relative_observer_surface_no_identity_claim
interrupted_replay_001,175,R003,1926,2975,stable,1.0,1.0,0.0,0.0,posture_holds,holds,constitution_relative_observer_surface_no_identity_claim
interrupted_replay_001,175,R004,2976,4025,stable,1.0,1.0,0.0,0.0,posture_holds,holds,constitution_relative_observer_surface_no_identity_claim
interrupted_replay_001,175,R005,4026,5075,stable,1.0,1.0,0.0,0.0,posture_holds,holds,constitution_relative_observer_surface_no_identity_claim
interrupted_replay_001,175,R006,5076,5950,stable,1.0,1.0,0.0,0.0,posture_holds,holds,constitution_relative_observer_surface_no_identity_claim
interrupted_replay_001,175,R007,5951,7000,stable,1.0,1.0,0.0,0.0,posture_holds,holds,constitution_relative_observer_surface_no_identity_claim
interrupted_replay_001,200,R001,1,1000,stable,1.0,1.0,0.0,0.0,posture_holds,holds,constitution_relative_observer_surface_no_identity_claim
interrupted_replay_001,200,R002,1001,2000,stable,1.0,1.0,0.0,0.0,posture_holds,holds,constitution_relative_observer_surface_no_identity_claim
interrupted_replay_001,200,R003,2001,3000,stable,1.0,1.0,0.0,0.0,posture_holds,holds,constitution_relative_observer_surface_no_identity_claim
interrupted_replay_001,200,R004,3001,4000,stable,1.0,1.0,0.0,0.0,posture_holds,holds,constitution_relative_observer_surface_no_identity_claim
interrupted_replay_001,200,R005,4001,5000,stable,1.0,1.0,0.0,0.0,posture_holds,holds,constitution_relative_observer_surface_no_identity_claim
interrupted_replay_001,200,R006,5001,6000,stable,1.0,1.0,0.0,0.0,posture_holds,holds,constitution_relative_observer_surface_no_identity_claim
interrupted_replay_001,200,R007,6001,7000,stable,1.0,1.0,0.0,0.0,posture_holds,holds,constitution_relative_observer_surface_no_identity_claim
interrupted_replay_001,250,R001,1,1000,stable,1.0,1.0,0.0,0.0,posture_holds,holds,constitution_relative_observer_surface_no_identity_claim
interrupted_replay_001,250,R002,1001,2000,stable,1.0,1.0,0.0,0.0,posture_holds,holds,constitution_relative_observer_surface_no_identity_claim
interrupted_replay_001,250,R003,2001,3000,stable,1.0,1.0,0.0,0.0,posture_holds,holds,constitution_relative_observer_surface_no_identity_claim
interrupted_replay_001,250,R004,3001,4000,stable,1.0,1.0,0.0,0.0,posture_holds,holds,constitution_relative_observer_surface_no_identity_claim
interrupted_replay_001,250,R005,4001,5000,stable,1.0,1.0,0.0,0.0,posture_holds,holds,constitution_relative_observer_surface_no_identity_claim
interrupted_replay_001,250,R006,5001,6000,stable,1.0,1.0,0.0,0.0,posture_holds,holds,constitution_relative_observer_surface_no_identity_claim
interrupted_replay_001,250,R007,6001,7000,stable,1.0,1.0,0.0,0.0,posture_holds,holds,constitution_relative_observer_surface_no_identity_claim
interrupted_replay_001,300,R001,1,900,stable,1.0,1.0,0.0,0.0,posture_holds,holds,constitution_relative_observer_surface_no_identity_claim
interrupted_replay_001,300,R002,901,2100,stable,1.0,1.0,0.0,0.0,posture_holds,holds,constitution_relative_observer_surface_no_identity_claim
interrupted_replay_001,300,R003,2101,3000,stable,1.0,1.0,0.0,0.0,posture_holds,holds,constitution_relative_observer_surface_no_identity_claim
interrupted_replay_001,300,R004,3001,3900,stable,1.0,1.0,0.0,0.0,posture_holds,holds,constitution_relative_observer_surface_no_identity_claim
interrupted_replay_001,300,R005,3901,5100,stable,1.0,1.0,0.0,0.0,posture_holds,holds,constitution_relative_observer_surface_no_identity_claim
interrupted_replay_001,300,R006,5101,6000,stable,1.0,1.0,0.0,0.0,posture_holds,holds,constitution_relative_observer_surface_no_identity_claim
interrupted_replay_001,300,R007,6001,7000,stable,1.0,1.0,0.0,0.0,posture_holds,holds,constitution_relative_observer_surface_no_identity_claim
interrupted_replay_001,400,R001,1,1200,stable,1.0,1.0,0.0,0.0,posture_holds,holds,constitution_relative_observer_surface_no_identity_claim
interrupted_replay_001,400,R002,1201,2000,stable,1.0,1.0,0.0,0.0,posture_holds,holds,constitution_relative_observer_surface_no_identity_claim
interrupted_replay_001,400,R003,2001,3200,stable,1.0,1.0,0.0,0.0,posture_holds,holds,constitution_relative_observer_surface_no_identity_claim
interrupted_replay_001,400,R004,3201,4000,stable,1.0,1.0,0.0,0.0,posture_holds,holds,constitution_relative_observer_surface_no_identity_claim
interrupted_replay_001,400,R005,4001,5200,stable,1.0,1.0,0.0,0.0,posture_holds,holds,constitution_relative_observer_surface_no_identity_claim
interrupted_replay_001,400,R006,5201,6000,stable,1.0,1.0,0.0,0.0,posture_holds,holds,constitution_relative_observer_surface_no_identity_claim
interrupted_replay_001,400,R007,6001,7000,stable,1.0,1.0,0.0,0.0,posture_holds,holds,constitution_relative_observer_surface_no_identity_claim
interrupted_replay_001,500,R001,1,1000,stable,1.0,1.0,0.0,0.0,posture_holds,holds,constitution_relative_observer_surface_no_identity_claim
interrupted_replay_001,500,R002,1001,2000,stable,1.0,1.0,0.0,0.0,posture_holds,holds,constitution_relative_observer_surface_no_identity_claim
interrupted_replay_001,500,R003,2001,3000,stable,1.0,1.0,0.0,0.0,posture_holds,holds,constitution_relative_observer_surface_no_identity_claim
interrupted_replay_001,500,R004,3001,4000,stable,1.0,1.0,0.0,0.0,posture_holds,holds,constitution_relative_observer_surface_no_identity_claim
interrupted_replay_001,500,R005,4001,5000,stable,1.0,1.0,0.0,0.0,posture_holds,holds,constitution_relative_observer_surface_no_identity_claim
interrupted_replay_001,500,R006,5001,6000,stable,1.0,1.0,0.0,0.0,posture_holds,holds,constitution_relative_observer_surface_no_identity_claim
interrupted_replay_001,500,R007,6001,7000,stable,1.0,1.0,0.0,0.0,posture_holds,holds,constitution_relative_observer_surface_no_identity_claim
interrupted_replay_001,700,R001,1,700,stable,1.0,1.0,0.0,0.0,posture_holds,holds,constitution_relative_observer_surface_no_identity_claim
interrupted_replay_001,700,R002,701,2100,stable,1.0,1.0,0.0,0.0,posture_holds,holds,constitution_relative_observer_surface_no_identity_claim
interrupted_replay_001,700,R003,2101,2800,stable,1.0,1.0,0.0,0.0,posture_holds,holds,constitution_relative_observer_surface_no_identity_claim
interrupted_replay_001,700,R004,2801,4200,stable,1.0,1.0,0.0,0.0,posture_holds,holds,constitution_relative_observer_surface_no_identity_claim
interrupted_replay_001,700,R005,4201,4900,stable,1.0,1.0,0.0,0.0,posture_holds,holds,constitution_relative_observer_surface_no_identity_claim
interrupted_replay_001,700,R006,4901,6300,stable,1.0,1.0,0.0,0.0,posture_holds,holds,constitution_relative_observer_surface_no_identity_claim
interrupted_replay_001,700,R007,6301,7000,stable,1.0,1.0,0.0,0.0,posture_holds,holds,constitution_relative_observer_surface_no_identity_claim
interrupted_replay_001,1000,R001,1,1000,stable,1.0,1.0,0.0,0.0,posture_holds,holds,constitution_relative_observer_surface_no_identity_claim
interrupted_replay_001,1000,R002,1001,2000,stable,1.0,1.0,0.0,0.0,posture_holds,holds,constitution_relative_observer_surface_no_identity_claim
interrupted_replay_001,1000,R003,2001,3000,stable,1.0,1.0,0.0,0.0,posture_holds,holds,constitution_relative_observer_surface_no_identity_claim
interrupted_replay_001,1000,R004,3001,4000,stable,1.0,1.0,0.0,0.0,posture_holds,holds,constitution_relative_observer_surface_no_identity_claim
interrupted_replay_001,1000,R005,4001,5000,stable,1.0,1.0,0.0,0.0,posture_holds,holds,constitution_relative_observer_surface_no_identity_claim
interrupted_replay_001,1000,R006,5001,6000,stable,1.0,1.0,0.0,0.0,posture_holds,holds,constitution_relative_observer_surface_no_identity_claim
interrupted_replay_001,1000,R007,6001,7000,stable,1.0,1.0,0.0,0.0,posture_holds,holds,constitution_relative_observer_surface_no_identity_claim
interrupted_replay_001,1500,R001,1,1500,stable,1.0,1.0,0.0,0.0,posture_holds,holds,constitution_relative_observer_surface_no_identity_claim
interrupted_replay_001,1500,R003,1501,3000,stable,1.0,1.0,0.0,0.0,posture_holds,holds,constitution_relative_observer_surface_no_identity_claim
interrupted_replay_001,1500,R004,3001,4500,stable,1.0,1.0,0.0,0.0,posture_holds,holds,constitution_relative_observer_surface_no_identity_claim
interrupted_replay_001,1500,R006,4501,6000,stable,1.0,1.0,0.0,0.0,posture_holds,holds,constitution_relative_observer_surface_no_identity_claim
interrupted_replay_001,1500,R007,6001,7000,stable,1.0,1.0,0.0,0.0,posture_holds,holds,constitution_relative_observer_surface_no_identity_claim
interrupted_replay_001,2000,R001,1,2000,stable,1.0,1.0,0.0,0.0,posture_holds,holds,constitution_relative_observer_surface_no_identity_claim
interrupted_replay_001,2000,R003,2001,4000,stable,1.0,1.0,0.0,0.0,posture_holds,holds,constitution_relative_observer_surface_no_identity_claim
interrupted_replay_001,2000,R005,4001,6000,stable,1.0,1.0,0.0,0.0,posture_holds,holds,constitution_relative_observer_surface_no_identity_claim
interrupted_replay_001,2000,R007,6001,7000,stable,1.0,1.0,0.0,0.0,posture_holds,holds,constitution_relative_observer_surface_no_identity_claim
